2532A094 2532A001;2532A001 2532A022;2532A095 2532A001;2;277029.5
2523A016 2523A017;2541A044022541A002;2532A014 2541A001;2;278245.5
2543A007 2543A001;2534A030 2534A031;2543A015 2543A010;2;278372.5
2533A006 2533A007;2533A015 2533A016;2533A041 2533A045;2;278532.5
2541A044022541A002;2532A014 2541A001;2523A017 2541A003;2;278957.5
2523A016 2523A017;2541A044022541A002;2532A013 2532A014;2;278973.5
2523A030 2523A016;2523A002 2523A016;2541A002 2541A007;2;279198.5
2541A044022541A002;2532A013 2532A014;2523A017 2541A003;2;279685.5
2523A030 2523A016;2541A007 2541A008;2523A002 2523A016;2;279912.5
2523A016 2523A017;2541A044022541A002;2541A002 2532A013;2;280377.5
2541A044022541A002;2541A002 2532A013;2523A017 2541A003;2;281089.5
2543A007 2543A001;2534A031 2543A003;2543A015 2543A010;2;281136.5
2523A030 2523A016;2541A008 2541A009;2523A002 2523A016;2;281175.5
2523A015 2523A014;2523A008 2523A009;2523A002 2523A016;2;281326.5
2534A030 2534A031;2543A001 2543A008;2543A015 2543A010;2;281404.5
2541A044022541A002;2532A014 2541A001;2541A019 2541A003;2;281683.5
2523A030 2523A016;2541A009 2541A010;2523A002 2523A016;2;281988.5
2541A044022541A002;2532A014 2541A001;2541A018 2541A019;2;282077.5
2541A044022541A002;2532A013 2532A014;2541A019 2541A003;2;282411.5
2533A006 2533A007;2533A007 2533A015;2533A041 2533A045;2;282726.5
2541A044022541A002;2532A013 2532A014;2541A018 2541A019;2;282805.5
2534A030 2534A031;2543A015 2543A010;2543A008 2543A009;2;282908.5
2523A030 2523A016;2541A010 2541A011;2523A002 2523A016;2;283392.5
2533A043 2533A007;2533A006 2533A007;2533A015 2533A016;2;283601.5
2541A044022541A002;2541A002 2532A013;2541A019 2541A003;2;283815.5
2543A001 2543A008;2534A031 2543A003;2543A015 2543A010;2;284168.5
2541A044022541A002;2541A002 2532A013;2541A018 2541A019;2;284209.5
2541A044022541A002;2532A014 2541A001;2541A017 2541A018;2;284431.5
2523A030 2523A016;2541A011 2541A012;2523A002 2523A016;2;284516.5
2543A007 2543A001;2543A011 2543A003;2543A015 2543A010;2;284756.5
2523A030 2523A016;2541A012 2541A013;2523A002 2523A016;2;284880.5
2523A009 2523A001;2523A008 2523A028;2523A006 2523A007;2;284950.5
2541A044022541A002;2532A013 2532A014;2541A017 2541A018;2;285159.5
2541A016 2541A017;2541A044022541A002;2532A014 2541A001;2;285256.5
2534A030 2534A031;2543A009 2543A010;2543A015 2543A010;2;285281.5
2514A020 2523A003;2523A006 2523A027;2523A007 2523A008;2;285349.5
2534A031 2543A003;2543A015 2543A010;2543A008 2543A009;2;285672.5
2534A028 2534A030;2534A055 2534A030;2543A010 2543A011;2;285941.5
2541A016 2541A017;2541A044022541A002;2532A013 2532A014;2;285984.5
2541A013 2541A015;2523A030 2523A016;2523A002 2523A016;2;286437.5
2523A015 2523A014;2523A009 2523A001;2523A002 2523A016;2;286446.5
2541A015 2541A016;2541A044022541A002;2532A014 2541A001;2;286485.5
2541A044022541A002;2541A002 2532A013;2541A017 2541A018;2;286563.5
2541A001 2541A006;2534A043 2543A019;2543A009 2543A010;2;286686.5
2541A015 2541A016;2541A044022541A002;2532A013 2532A014;2;287213.5
2541A016 2541A017;2541A044022541A002;2541A002 2532A013;2;287388.5
2541A001 2541A006;2543A020 2543A019;2543A009 2543A010;2;287407.5
2523A010 2523A002;2523A001 2523A015;2523A008 2523A009;2;287426.5
2541A015 2541A016;2523A030 2523A016;2523A002 2523A016;2;287783.5
2543A001 2543A008;2543A011 2543A003;2543A015 2543A010;2;287788.5
2533A043 2533A007;2533A006 2533A007;2533A007 2533A015;2;287795.5
2534A043 2543A019;2543A009 2543A010;2541A006 2543A017;2;287797.5
2541A013 2541A015;2541A044022541A002;2532A014 2541A001;2;287831.5
2534A031 2543A003;2543A009 2543A010;2543A015 2543A010;2;288045.5
2531A182 2531A014;2531A010 2531A014;2531A014 2533A078;2;288166.5
2543A020 2543A007;2541A001 2541A006;2543A009 2543A010;2;288187.5
2523A003 2523A004;2523A006 2523A027;2523A007 2523A008;2;288509.5
2543A020 2543A019;2543A009 2543A010;2541A006 2543A017;2;288518.5
2541A013 2541A015;2541A044022541A002;2532A013 2532A014;2;288559.5
2541A015 2541A016;2541A044022541A002;2541A002 2532A013;2;288617.5
2534A043 2543A019;2543A009 2543A010;2543A017 2543A007;2;288865.5
2523A004 2523A005;2523A006 2523A027;2523A007 2523A008;2;288981.5
2523A001 2523A015;2523A001 2523A010;2523A008 2523A009;2;289002.5
2523A030 2523A016;2541A016 2541A017;2523A002 2523A016;2;289012.5
2541A001 2541A006;2534A043 2543A019;2543A008 2543A009;2;289059.5
2543A011 2543A003;2543A015 2543A010;2543A008 2543A009;2;289292.5
2543A020 2543A007;2543A009 2543A010;2541A006 2543A017;2;289298.5
2533A016 2533A11808;2533A007 2533A015;2533A016 2533A111;2;289348.5
2531A156 2531A069;2532A095 2531A156;2531A154 2531A156;2;289356.5
2541A044022541A002;2541A012 2541A013;2532A014 2541A001;2;289388.5
2543A020 2543A019;2543A009 2543A010;2543A017 2543A007;2;289586.5
2531A001 2531A002;2531A153 2531A002;2531A002 2531A032;2;289708.5
2543A007 2543A001;2543A010 2543A011;2543A015 2543A010;2;289708.5
2531A010 2533A037;2531A010 2531A014;2531A010 2531A154;2;289727.5
2541A044022541A002;2532A014 2541A001;2541A011 2541A012;2;289752.5
2541A001 2541A006;2543A020 2543A019;2543A008 2543A009;2;289780.5
2523A030 2523A016;2523A002 2523A016;2541A017 2541A018;2;289837.5
2541A013 2541A015;2541A044022541A002;2541A002 2532A013;2;289963.5
2523A008 2523A009;2523A008 2523A028;2523A006 2523A007;2;290070.5
2541A044022541A002;2541A012 2541A013;2532A013 2532A014;2;290116.5
2534A043 2543A019;2543A008 2543A009;2541A006 2543A017;2;290170.5
2543A020 2543A007;2543A009 2543A010;2543A017 2543A007;2;290366.5
2541A044022541A002;2541A011 2541A012;2532A013 2532A014;2;290480.5
2543A020 2543A007;2541A001 2541A006;2543A008 2543A009;2;290560.5
2543A001 2543A008;2541A001 2541A006;2534A043 2543A019;2;290563.5
2514A031 2514A020;2514A006022514A020;2523A005 2523A006;2;290686.5
2523A001 2523A010;2523A015 2524A001;2523A002 2523A016;2;290814.5
2523A001 2523A010;2523A050 2524A001;2523A002 2523A016;2;290856.5
2541A044022541A002;2532A014 2541A001;2541A010 2541A011;2;290876.5
2543A020 2543A019;2543A008 2543A009;2541A006 2543A017;2;290891.5
2534A028 2534A030;2534A055 2534A030;2543A011 2543A003;2;290893.5
2532A038 2532A002;2531A156 2531A069;2531A009032531A06801;2;290905.5
2543A007 2543A001;2534A043 2543A019;2543A009 2543A010;2;290917.5
2543A007 2543A001;2543A009 2543A010;2543A015 2543A010;2;290917.5
2543A007 2543A001;2543A020 2543A019;2543A009 2543A010;2;290917.5
2543A020 2543A007;2543A007 2543A001;2543A009 2543A010;2;290917.5
2523A009 2523A001;2523A008 2523A028;2523A007 2523A008;2;290954.5
2523A006 2523A027;2523A007 2523A008;2523A005 2523A006;2;291012.5
2532A027 2532A028;2541A002 2532A013;2543A017 2543A007;2;291082.5
2514A092 2523A042;2514A040 2514A007;2514A034 2514A176;2;291128.5
2534A043 2543A019;2543A017 2543A007;2543A008 2543A009;2;291238.5
2534A045 2534A013;2532A022 2534A045;2534A015 2534A044;2;291266.5
2543A001 2543A008;2541A001 2541A006;2543A020 2543A019;2;291284.5
2514A020 2523A003;2523A006 2523A027;2523A006 2523A007;2;291353.5
2514A036 2514A037;2514A033032514A034;2514A034 2523A033;2;291422.5
2523A001 2523A010;2523A013 2523A048;2523A002 2523A016;2;291489.5
2541A044022541A002;2541A012 2541A013;2541A002 2532A013;2;291520.5
2541A044022541A002;2532A013 2532A014;2541A010 2541A011;2;291604.5
2541A002 2532A013;2532A015 2532A028;2543A017 2543A007;2;291640.5
2541A004 2541A04405;2541A004 2532A008;2532A011022541A004;2;291652.5
2543A011 2543A003;2543A009 2543A010;2543A015 2543A010;2;291665.5
2543A020 2543A007;2543A008 2543A009;2541A006 2543A017;2;291671.5
2543A001 2543A008;2534A043 2543A019;2541A006 2543A017;2;291674.5
2534A044 2534A045;2534A015 2534A016;2534A014 2534A015;2;291794.5
2514A020 2523A003;2523A007 2523A008;2523A006 2523A007;2;291822.5
2523A003 2523A004;2523A007 2523A008;2523A006 2523A007;2;291822.5
2523A004 2523A005;2523A007 2523A008;2523A006 2523A007;2;291822.5
2523A006 2523A027;2523A007 2523A008;2523A006 2523A007;2;291822.5
2523A007 2523A008;2523A006 2523A007;2523A005 2523A006;2;291822.5
2523A008 2523A028;2523A007 2523A008;2523A006 2523A007;2;291822.5
2523A015 2523A014;2523A007 2523A008;2523A006 2523A007;2;291822.5
2534A002 2534A001;2534A016 2534A001;2534A001 2533A009;2;291823.5
2541A044022541A002;2541A011 2541A012;2541A002 2532A013;2;291884.5
2543A020 2543A019;2543A017 2543A007;2543A008 2543A009;2;291959.5
2514A092 2523A042;2514A039 2514A040;2514A034 2514A176;2;292028.5
2534A002 2534A001;2534A032 2534A002;2534A003 2534A018;2;292058.5
2543A020 2543A007;2543A001 2543A008;2541A001 2541A006;2;292064.5
2531A182 2531A014;2531A088 2531A090;2531A163 2533A074;2;292085.5
2514A033032514A034;2514A006032514A03301;2514A033022514A01902;2;292093.5
2532A027 2532A028;2541A002 2532A013;2541A006 2543A017;2;292150.5
2531A182 2531A014;2531A163 2531A182;2531A088 2531A090;2;292152.5
2534A044 2534A045;2534A015 2534A044;2534A014 2534A015;2;292160.5
2534A045 2534A013;2534A044 2534A045;2534A015 2534A044;2;292160.5
2514A020 2523A003;2514A033032514A034;2523A005 2523A006;2;292163.5
2514A020 2523A003;2523A034 2523A032;2523A005 2523A006;2;292163.5
2523A015 2523A014;2514A020 2523A003;2523A005 2523A006;2;292163.5
2523A032 2523A031;2514A020 2523A003;2523A005 2523A006;2;292163.5
2523A030 2523A016;2541A018 2541A019;2523A002 2523A016;2;292191.5
2514A092 2523A042;2514A040 2514A007;2514A176 2514A036;2;292226.5
2533A043 2533A007;2533A040 2533A041;2533A068 2533A041;2;292226.5
2523A031 2523A030;2523A030 2523A016;2523A028 2523A030;2;292274.5
2541A044022541A002;2532A014 2541A001;2541A009 2541A010;2;292280.5
2541A002 2532A013;2532A015 2532A016;2543A017 2543A007;2;292294.5
2523A010 2523A002;2523A015 2524A001;2523A002 2523A016;2;292390.5
2543A001 2543A008;2543A020 2543A019;2541A006 2543A017;2;292395.5
2531A003032531A00401;2531A037 2531A00403;2531A020 2531A021;2;292411.5
2523A010 2523A002;2523A050 2524A001;2523A002 2523A016;2;292432.5
2514A037 2514A092;2514A040 2514A007;2514A034 2514A176;2;292445.5
2532A027 2532A028;2532A013 2532A014;2543A017 2543A007;2;292486.5
2523A010 2523A002;2523A001 2523A015;2523A009 2523A001;2;292546.5
2532A094 2532A001;2531A154 2532A094;2532A094 2534A012;2;292583.5
2523A030 2523A016;2541A019 2541A003;2523A002 2523A016;2;292585.5
2531A070 2531A044;2531A001022531A070;2531A070 2531A123;2;292600.5
3512A011 3512A012;3512A006 3512A017;3512A016 3512A015;2;292674.5
2533A027 2533A028;2533A028 2533A107;2533A035 2533A058;2;292684.5
2523A001 2523A010;2523A008 2523A009;2523A009 2523A001;2;292706.5
2523A003 2523A004;2523A008 2523A009;2523A009 2523A001;2;292706.5
2523A004 2523A005;2523A008 2523A009;2523A009 2523A001;2;292706.5
2523A008 2523A009;2523A009 2523A001;2514A020 2523A003;2;292706.5
2523A008 2523A009;2523A009 2523A001;2523A002 2523A016;2;292706.5
2523A008 2523A009;2523A009 2523A001;2523A005 2523A006;2;292706.5
2523A010 2523A002;2523A008 2523A009;2523A009 2523A001;2;292706.5
2523A015 2523A014;2523A008 2523A009;2523A009 2523A001;2;292706.5
2523A030 2523A016;2523A008 2523A009;2523A009 2523A001;2;292706.5
2541A002 2532A013;2532A015 2532A028;2541A006 2543A017;2;292708.5
2523A002 2523A011;2523A001 2523A015;2523A015 2523A014;2;292716.5
2523A004 2523A005;2514A031 2514A020;2514A006022514A020;2;292717.5
2543A020 2543A007;2543A008 2543A009;2543A017 2543A007;2;292739.5
2543A001 2543A008;2543A010 2543A011;2543A015 2543A010;2;292740.5
2543A001 2543A008;2534A043 2543A019;2543A017 2543A007;2;292742.5
2541A002 2532A013;2532A016 2541A001;2543A017 2543A007;2;292769.5
2523A001 2523A010;2523A012 2523A013;2523A002 2523A016;2;292803.5
2531A133 2531A16401;2531A164032531A15002;2531A164022531A007;2;292804.5
2514A033032514A034;2514A176 2514A036;2514A034 2523A033;2;292969.5
2541A044022541A002;2532A013 2532A014;2541A009 2541A010;2;293008.5
2541A044022541A002;2541A002 2532A013;2541A010 2541A011;2;293008.5
2514A041 2514A00705;2532A005 2514A069;2532A005 2532A037;2;293012.5
2532A018 2532A029;2532A076 2532A071;2532A093022532A017;2;293012.5
2532A013 2532A014;2532A015 2532A028;2543A017 2543A007;2;293044.5
2523A010 2523A002;2523A013 2523A048;2523A002 2523A016;2;293065.5
2541A044022541A002;2532A014 2541A001;2541A008 2541A009;2;293093.5
2531A182 2531A014;2531A090 2531A094;2531A163 2533A074;2;293118.5
2514A092 2523A042;2514A039 2514A040;2514A176 2514A036;2;293126.5
2543A020 2543A007;2543A001 2543A008;2541A006 2543A017;2;293175.5
2531A182 2531A014;2531A163 2531A182;2531A090 2531A094;2;293185.5
2523A003 2523A004;2514A031 2514A020;2514A006022514A020;2;293189.5
2532A027 2532A028;2532A014 2541A001;2543A017 2543A007;2;293214.5
2533A045 2533A042;2533A043 2533A045;2533A043 2533A007;2;293252.5
2532A027 2532A028;2541A002 2532A013;2541A001 2541A006;2;293261.5
2533A089 2533A088;3511A015 3511A009;2533A009 3511A015;2;293280.5
2543A007 2543A001;2534A043 2543A019;2543A008 2543A009;2;293290.5
2543A007 2543A001;2543A008 2543A009;2543A015 2543A010;2;293290.5
2543A007 2543A001;2543A020 2543A019;2543A008 2543A009;2;293290.5
2543A020 2543A007;2543A007 2543A001;2543A008 2543A009;2;293290.5
2514A037 2514A092;2514A039 2514A040;2514A034 2514A176;2;293345.5
2541A002 2532A013;2532A015 2532A016;2541A006 2543A017;2;293362.5
2533A093 2533A067;2533A025 2533A067;2533A067 2533A068;2;293374.5
3511A008 3511A023;3512A012 3512A016;3511A073 3512A011;2;293374.5
3512A012 3512A016;3511A073 3512A011;3511A023 3512A011;2;293374.5
2523A002 2523A011;2523A001 2523A015;2523A015 2524A001;2;293380.5
2514A092 2523A042;2514A038 2514A039;2514A034 2514A176;2;293396.5
3512A006 3512A007;2534A024 2534A025;2534A004 2534A005;2;293408.5
2523A002 2523A011;2523A001 2523A015;2523A050 2524A001;2;293422.5
2543A001 2543A008;2543A020 2543A019;2543A017 2543A007;2;293463.5
2531A011 2442A021;2531A011 2531A012;2531A011 2513A100;2;293512.5
2514A092 2523A042;2514A037 2514A038;2514A034 2514A176;2;293537.5
2533A015 2533A016;2533A016 2533A11808;2533A016 2533A111;2;293542.5
2514A037 2514A092;2514A040 2514A007;2514A176 2514A036;2;293543.5
2532A027 2532A028;2532A013 2532A014;2541A006 2543A017;2;293554.5
2533A009 3511A010;2534A001 2533A009;2533A009 3511A015;2;293566.5
3511A015 3511A009;3511A015 2533A089;2533A009 3511A015;2;293572.5
3512A007 3512A002;2534A024 2534A025;2534A004 2534A005;2;293575.5
2531A162 2531A125;2531A183062531A162;2531A162 2531A00101;2;293584.5
2543A007 2543A001;2541A001 2541A006;2534A043 2543A019;2;293595.5
2534A002 2534A001;2534A032 2534A002;2534A002 2534A018;2;293631.5
2533A006 2533A007;2533A015 2533A016;2533A007 2533A015;2;293632.5
2533A015 2533A016;2533A007 2533A015;2533A004 2533A109;2;293632.5
2533A015 2533A016;2533A007 2533A015;2533A117032533A11801;2;293632.5
2533A021 2533A105;2533A104 2533A021;2533A021 3511A009;2;293650.5
2523A002 2523A011;2523A048 2523A050;2523A048 2523A050;2;293692.5
2532A013 2532A014;2532A015 2532A016;2543A017 2543A007;2;293698.5
2532A014 2541A001;2532A015 2532A028;2543A017 2543A007;2;293772.5
2514A092 2523A042;2514A040 2514A007;2514A036 2514A037;2;293773.5
2531A003032531A00401;2531A004022531A019;2531A037 2531A00403;2;293776.5
2523A001 2523A015;2523A015 2523A014;2523A011 2523A012;2;293784.5
2541A002 2532A013;2541A001 2541A006;2532A015 2532A028;2;293819.5
2541A044022541A002;2532A013 2532A014;2541A008 2541A009;2;293821.5
2531A094 2531A182;2531A136 2531A088;2531A088 2531A057;2;293831.5
2541A002 2532A013;2532A016 2541A001;2541A006 2543A017;2;293837.5
2514A041 2514A00705;2532A005 2514A041;2532A005 2532A037;2;293873.5
2514A041 2514A00705;2532A005 2514A041;2532A093022532A017;2;293873.5
2533A096 2533A050;2533A053 2533A002;2533A003 2533A055;2;293891.5
3512A011 3512A012;3512A017 3512A016;3512A016 3512A015;2;293898.5
3512A012 3512A016;3511A073 3512A011;3512A011 3512A012;2;293898.5
3512A012 3512A016;3512A011 3512A012;3511A073 3512A015;2;293898.5
3512A012 3512A016;3512A011 3512A012;3512A016 3512A015;2;293898.5
2533A084 2533A087;2533A039 2533A038;2533A040 2533A041;2;293920.5
2543A001 2543A008;2534A043 2543A019;2543A009 2543A010;2;293949.5
2543A001 2543A008;2543A009 2543A010;2543A015 2543A010;2;293949.5
2543A001 2543A008;2543A020 2543A019;2543A009 2543A010;2;293949.5
2543A020 2543A007;2543A001 2543A008;2543A009 2543A010;2;293949.5
2533A003 2533A035;2533A028 2533A058;2533A035 2533A10802;2;293951.5
2531A109 2533A027;2533A028 2533A058;2533A035 2533A058;2;293959.5
2533A003 2533A035;2533A028 2533A058;2533A035 2533A058;2;293959.5
2533A028 2533A058;2533A003 2533A034;2533A035 2533A058;2;293959.5
2533A028 2533A058;2533A027 2533A028;2533A035 2533A058;2;293959.5
2533A028 2533A058;2533A028 2533A107;2533A035 2533A058;2;293959.5
2533A028 2533A058;2533A035 2533A10802;2533A035 2533A058;2;293959.5
2523A002 2523A011;2523A001 2523A015;2523A013 2523A048;2;294055.5
2514A033032514A034;2514A034 2523A033;2514A034 2514A176;2;294067.5
2532A013 2532A014;2532A015 2532A028;2541A006 2543A017;2;294112.5
2523A001 2523A015;2523A001 2523A010;2523A009 2523A001;2;294122.5
2532A013 2532A014;2532A016 2541A001;2543A017 2543A007;2;294173.5
2523A001 2523A010;2523A011 2523A012;2523A002 2523A016;2;294192.5
2523A004 2523A005;2514A020 2523A003;2514A033032514A034;2;294194.5
2523A004 2523A005;2514A020 2523A003;2523A034 2523A032;2;294194.5
2523A004 2523A005;2523A015 2523A014;2514A020 2523A003;2;294194.5
2523A004 2523A005;2523A032 2523A031;2514A020 2523A003;2;294194.5
2543A020 2543A007;2543A001 2543A008;2543A017 2543A007;2;294243.5
2543A010 2543A011;2543A015 2543A010;2543A008 2543A009;2;294244.5
2532A075 2532A071;2532A018 2532A029;2532A093022532A017;2;294252.5
2532A027 2532A028;2532A014 2541A001;2541A006 2543A017;2;294282.5
2543A007 2543A001;2541A001 2541A006;2543A020 2543A019;2;294316.5
2533A109 2533A006;2533A006 2533A007;2533A005 2533A006;2;294329.5
2533A043 2533A045;2533A043 2533A007;2533A042 2533A043;2;294340.5
2541A044022541A002;2532A014 2541A001;2541A007 2541A008;2;294356.5
2523A010 2523A002;2523A012 2523A013;2523A002 2523A016;2;294379.5
2533A084 2533A087;2534A040 2534A039;3511A015 2533A089;2;294382.5
2541A044022541A002;2541A002 2532A013;2541A009 2541A010;2;294412.5
2532A014 2541A001;2532A015 2532A016;2543A017 2543A007;2;294426.5
2533A065 2533A064;2533A026 2533A027;2533A025 2533A026;2;294442.5
2514A037 2514A092;2514A039 2514A040;2514A176 2514A036;2;294443.5
2523A001 2523A015;2523A015 2524A001;2523A011 2523A012;2;294448.5
2532A010032532A107;2532A109 2532A01104;2514A007082532A106;2;294463.5
2541A002 2532A013;2541A001 2541A006;2532A015 2532A016;2;294473.5
2523A001 2523A015;2523A050 2524A001;2523A011 2523A012;2;294490.5
2514A092 2523A042;2514A038 2514A039;2514A176 2514A036;2;294494.5
2523A003 2523A004;2523A006 2523A027;2523A006 2523A007;2;294513.5
2534A028 2534A030;2534A055 2534A030;2534A031 2543A003;2;294513.5
3511A007 3511A048;3511A033 3511A048;3511A048 3511A008;2;294610.5
2514A092 2523A042;2514A037 2514A038;2514A176 2514A036;2;294635.5
2513A193 2513A087;2514A008 2514A001;2513A193 2513A029;2;294646.5
2534A005 2534A024;3512A002 3512A008;2534A024 2534A025;2;294657.5
2532A027 2532A028;2532A013 2532A014;2541A001 2541A006;2;294665.5
2523A003 2523A004;2514A020 2523A003;2514A033032514A034;2;294666.5
2523A003 2523A004;2514A020 2523A003;2523A034 2523A032;2;294666.5
2523A003 2523A004;2523A032 2523A031;2514A020 2523A003;2;294666.5
2523A015 2523A014;2523A003 2523A004;2514A020 2523A003;2;294666.5
2514A092 2523A042;2514A039 2514A040;2514A036 2514A037;2;294673.5
2533A084 2533A087;2533A089 2533A088;2534A040 2534A039;2;294674.5
2531A006 2531A007;2531A173 2531A006;2531A061 2531A006;2;294706.5
2543A007 2543A001;2534A043 2543A019;2541A006 2543A017;2;294706.5
2514A037 2514A092;2514A038 2514A039;2514A034 2514A176;2;294713.5
2533A008 3511A024;3511A024 3511A004;3511A035 3511A024;2;294718.5
2523A048 2523A050;2523A048 2523A050;2523A011 2523A012;2;294760.5
2532A038 2531A068;2531A068022531A069;2531A009032531A06801;2;294762.5
2532A013 2532A014;2532A015 2532A016;2541A006 2543A017;2;294766.5
2533A095 2533A096;2533A053 2533A002;2533A003 2533A055;2;294791.5
2543A007 2543A001;2543A001 2543A008;2534A043 2543A019;2;294794.5
2543A007 2543A001;2543A001 2543A008;2543A015 2543A010;2;294794.5
2543A007 2543A001;2543A001 2543A008;2543A020 2543A019;2;294794.5
2543A020 2543A007;2543A007 2543A001;2543A001 2543A008;2;294794.5
2532A014 2541A001;2532A015 2532A028;2541A006 2543A017;2;294840.5
2514A037 2514A092;2514A037 2514A038;2514A034 2514A176;2;294854.5
2532A017 2532A075;2532A075 2532A018;2532A076 2532A071;2;294879.5
2532A014 2541A001;2532A016 2541A001;2543A017 2543A007;2;294901.5
2534A002 2534A018;2534A017 2534A003;2534A020 2534A021;2;294934.5
2532A072 2532A097;2532A005 2532A037;2532A035 2532A036;2;294943.5
2541A002 2532A013;2541A001 2541A006;2532A016 2541A001;2;294948.5
2514A018 2514A01901;2514A019032514A00604;2514A033022514A01902;2;294949.5
2523A004 2523A005;2523A006 2523A027;2523A006 2523A007;2;294985.5
2541A044022541A002;2532A014 2541A001;2541A002 2541A007;2;295070.5
2541A044022541A002;2532A013 2532A014;2541A007 2541A008;2;295084.5
2514A037 2514A092;2514A040 2514A007;2514A036 2514A037;2;295090.5
2543A020 2543A007;2543A007 2543A001;2541A001 2541A006;2;295096.5
2534A024 3512A020;2534A005 3512A002;3512A006 3512A007;2;295112.5
2531A018 2531A00301;2531A185 2531A040;2531A003032531A00401;2;295114.5
2523A001 2523A015;2523A013 2523A048;2523A011 2523A012;2;295123.5
2533A010 3511A006;2533A010 2533A018;2533A008 2533A010;2;295146.5
2523A001 2523A015;2523A015 2523A014;2523A012 2523A013;2;295173.5
2514A036 2514A037;2514A034 2523A033;2514A034 2514A176;2;295181.5
2514A037 2514A092;2514A036 2514A037;2514A034 2514A176;2;295181.5
2514A092 2523A042;2514A036 2514A037;2514A034 2514A176;2;295181.5
2531A065 2531A052;2531A050 2531A051;2531A052 2531A008;2;295201.5
2533A037 2533A038;2531A010 2533A037;2533A078 2533A079;2;295211.5
2532A013 2532A014;2541A001 2541A006;2532A015 2532A028;2;295223.5
2541A044022541A002;2541A002 2532A013;2541A008 2541A009;2;295225.5
2532A013 2532A014;2532A016 2541A001;2541A006 2543A017;2;295241.5
2523A002 2523A011;2523A001 2523A010;2523A002 2523A016;2;295260.5
2531A182 2531A014;2531A094 2531A182;2531A163 2533A074;2;295267.5
2534A024 3512A020;2534A005 3512A002;3512A007 3512A002;2;295279.5
2533A019 2533A114;2533A111 2533A018;2533A010 2533A018;2;295281.5
2523A031 2523A030;2523A027 2523A031;2523A034 2523A032;2;295295.5
2523A030 2523A016;2523A017 2541A003;2523A002 2523A016;2;295311.5
2523A003 2523A004;2514A033032514A034;2523A005 2523A006;2;295323.5
2523A003 2523A004;2523A015 2523A014;2523A005 2523A006;2;295323.5
2523A003 2523A004;2523A032 2523A031;2523A005 2523A006;2;295323.5
2523A003 2523A004;2523A034 2523A032;2523A005 2523A006;2;295323.5
2541A004 2541A04405;2541A044022541A002;2532A093012541A04401;2;295324.5
2514A031 2523A014;2514A031 2514A020;2514A031 2514A00503;2;295327.5
2533A026 2533A027;2531A109 2533A027;2533A027 2533A028;2;295327.5
2532A029 2532A030;2532A006022532A007;2532A081 2532A00601;2;295331.5
2531A182 2531A014;2531A163 2531A182;2531A094 2531A182;2;295334.5
2523A002 2523A011;2523A001 2523A015;2523A012 2523A013;2;295369.5
2533A011042533A050;2533A095 2533A096;2533A050 2533A00105;2;295369.5
2533A003 2533A035;2533A055 2533A054;2533A003 2533A034;2;295389.5
2531A156 2531A069;2531A069 2532A038;2531A068022531A069;2;295390.5
2532A027 2532A028;2532A014 2541A001;2541A001 2541A006;2;295393.5
2514A040 2514A007;2514A037 2514A038;2532A011032523A043;2;295417.5
2543A007 2543A001;2543A020 2543A019;2541A006 2543A017;2;295427.5
2533A081 2533A087;2533A039 2533A038;2533A039 2533A040;2;295441.5
2534A043 2543A019;2543A009 2543A010;2543A008 2543A009;2;295453.5
2543A009 2543A010;2543A015 2543A010;2543A008 2543A009;2;295453.5
2543A020 2543A007;2543A009 2543A010;2543A008 2543A009;2;295453.5
2543A020 2543A019;2543A009 2543A010;2543A008 2543A009;2;295453.5
2534A009 2534A010;2532A007 2534A009;2534A051 2534A050;2;295458.5
2533A055 2533A054;2533A096 2533A050;2533A053 2533A002;2;295471.5
2534A006 2534A01101;2534A011032534A052;2534A011022534A008;2;295471.5
2514A014 2514A126;2514A014 2514A016;2514A011 2514A012;2;295480.5
2532A014 2541A001;2532A015 2532A016;2541A006 2543A017;2;295494.5
2532A053 2532A042;2532A053 2532A043;2532A039 2532A053;2;295502.5
2514A014 2514A126;2514A012 2514A013;2514A014 2514A016;2;295534.5
2532A072 2532A097;2532A005 2532A037;2532A036 2532A037;2;295544.5
2514A038 2514A039;2514A040 2514A007;2532A011032523A043;2;295558.5
2533A065 2533A024;2531A133 2533A065;2533A063 2533A026;2;295594.5
3511A032 3511A011;3511A011 3511A073;3511A011 3511A033;2;295600.5
3511A009 3511A032;3511A015 3511A009;2533A021 3511A009;2;295636.5
2534A005 2534A024;3512A020 3512A008;2534A024 2534A025;2;295644.5
2533A088 2533A084;2533A086 2534A040;3511A015 2533A089;2;295647.5
3512A007 3512A002;3512A017 3512A016;3512A005 3512A006;2;295672.5
2531A051 2531A052;2531A050 2531A066;2531A009022531A050;2;295691.5
2531A050 2531A066;2531A065 2531A066;2531A066 2513A097;2;295694.5
2532A014 2541A001;2541A002 2532A013;2532A015 2532A016;2;295694.5
2532A014 2541A001;2541A002 2532A013;2532A015 2532A028;2;295694.5
2532A014 2541A001;2541A002 2532A013;2532A016 2541A001;2;295694.5
2532A027 2532A028;2532A014 2541A001;2541A002 2532A013;2;295694.5
2533A054 2533A053;2533A054 2533A095;2533A003 2533A055;2;295694.5
2541A044022541A002;2532A014 2541A001;2541A002 2532A013;2;295694.5
2532A029 2532A027;2532A007 2532A027;2532A016 2541A001;2;295732.5
2513A087 2513A099;2514A069 2514A086;2513A088 2513A107;2;295745.5
2532A009 2532A039;2532A039 2532A095;2532A039 2532A053;2;295754.5
3512A015 3512A004;3512A004 3512A005;3511A088 3512A004;2;295756.5
2523A010 2523A002;2523A011 2523A012;2523A002 2523A016;2;295768.5
2543A007 2543A001;2534A043 2543A019;2543A017 2543A007;2;295774.5
2532A095 2532A001;2532A039 2532A095;2532A095 2531A156;2;295775.5
2513A193 2514A008;2513A193 2513A087;2513A193 2513A029;2;295790.5
2531A018 2531A00301;2531A003032531A00401;2531A040 2531A00302;2;295792.5
2514A016 2514A018;2514A018 2514A01901;2514A018 2514A141;2;295794.5
2523A004 2523A005;2514A033032514A034;2523A005 2523A006;2;295795.5
2523A004 2523A005;2523A015 2523A014;2523A005 2523A006;2;295795.5
2523A004 2523A005;2523A032 2523A031;2523A005 2523A006;2;295795.5
2523A004 2523A005;2523A034 2523A032;2523A005 2523A006;2;295795.5
2541A044022541A002;2532A013 2532A014;2541A002 2541A007;2;295798.5
2514A037 2514A092;2514A038 2514A039;2514A176 2514A036;2;295811.5
2532A029 2532A027;2532A030 2532A00603;2532A018 2532A029;2;295819.5
2531A150032531A173;2531A007 2531A173;2531A173 2531A006;2;295822.5
2523A001 2523A015;2523A015 2524A001;2523A012 2523A013;2;295837.5
3512A006 3512A007;3512A017 3512A016;3512A005 3512A006;2;295839.5
2513A087 2513A099;2514A069 2514A086;2513A107 2531A079;2;295840.5
2514A030 2514A00501;2514A147 2514A095;2514A027032514A028;2;295845.5
2444A005022444A006;2444A049 2444A050;2444A006 2444A037;2;295855.5
2533A010 3511A006;3511A006 3511A037;3511A036 3511A006;2;295863.5
2532A042 2532A034;2532A002 2532A034;2532A034 2532A035;2;295872.5
2532A013 2532A014;2541A001 2541A006;2532A015 2532A016;2;295877.5
2523A001 2523A015;2523A012 2523A013;2523A050 2524A001;2;295879.5
2533A008 3511A024;2533A118082533A008;2533A008 2533A010;2;295882.5
2531A153 2531A185;2531A153 2531A002;2531A131 2531A153;2;295900.5
2514A013 2514A014;2514A011 2514A058;2514A004 2514A011;2;295909.5
2531A032 2531A044;2531A044 2531A045;2531A070 2531A044;2;295912.5
2532A007 2532A027;2532A006022532A007;2532A007 2534A009;2;295916.5
2532A002 2532A009;2532A002 2532A034;2532A038 2532A002;2;295918.5
2533A109 2533A006;2533A108012533A109;2533A004 2533A109;2;295918.5
2533A005 2533A107;2533A108022533A005;2533A005 2533A006;2;295926.5
3511A010 3512A013;3512A013 3512A014;3512A013 2534A032;2;295926.5
2533A088 2533A084;3511A015 2533A089;2533A086 2533A088;2;295933.5
2531A001 2531A002;2531A001022531A070;2531A162 2531A00101;2;295936.5
2533A089 2533A088;2533A088 2533A084;2533A086 2534A040;2;295939.5
2532A014 2541A001;2541A001 2541A006;2532A015 2532A028;2;295951.5
2514A037 2514A092;2514A037 2514A038;2514A176 2514A036;2;295952.5
2533A073 2533A068;2533A067 2533A068;2533A068 2533A041;2;295963.5
2532A014 2541A001;2532A016 2541A001;2541A006 2543A017;2;295969.5
2534A024 3512A020;2534A005 2534A024;3512A002 3512A008;2;295969.5
2534A024 3512A020;2534A005 3512A002;3512A002 3512A008;2;295969.5
3511A004 3511A003;3511A003 3511A040;3511A003 3511A013;2;295969.5
2531A090 2531A094;2531A136 2531A088;2531A088 2531A057;2;295980.5
2533A039 2533A081;2533A039 2533A038;2533A039 2533A040;2;295981.5
2534A005 3512A002;3512A020 3512A008;3512A006 3512A007;2;295982.5
2514A037 2514A092;2514A039 2514A040;2514A036 2514A037;2;295990.5
2533A018 2533A019;2533A114 2533A103;2533A111 2533A114;2;295990.5
2531A025 2531A125;2442A001 2531A024;2531A025 2531A18305;2;295996.5
2534A027 2534A008;2534A025 2534A026;2534A055 2534A030;2;295998.5
3511A001 3511A013;3511A013 3511A012;3511A003 3511A013;2;296002.5
2514A013 2514A014;2514A056 2514A057;2514A011 2514A012;2;296011.5
2514A014 2514A126;2514A013 2514A014;2514A011 2514A012;2;296011.5
2534A017 2534A010;2532A082022534A017;2534A017 2534A003;2;296012.5
2523A016 2523A017;2523A030 2523A016;2523A002 2523A016;2;296023.5
2533A031 2533A097;2533A031 2533A112;2533A117052533A030;2;296023.5
2523A032 2523A031;2523A033 2523A034;2523A043 2523A034;2;296024.5
2514A028 2514A029;2514A030 2514A00501;2514A147 2514A166;2;296025.5
2514A086 2514A088;2513A087 2513A099;2513A088 2513A107;2;296032.5
2514A092 2523A042;2514A038 2514A039;2514A036 2514A037;2;296041.5
2534A002 2534A018;2534A003 2534A020;2534A017 2534A003;2;296041.5
2532A106 2532A107;2514A007022532A01001;2532A093 2532A010;2;296044.5
2533A111 2533A018;2533A018 2533A019;2533A010 2533A018;2;296055.5
2543A020 2543A007;2534A043 2534A051;2543A015 2534A043;2;296055.5
2533A065 2533A024;2533A065 2533A064;2533A063 2533A026;2;296059.5
2533A065 2533A064;2533A026 2533A027;2533A063 2533A026;2;296059.5
2533A065 2533A064;2533A063 2533A026;2533A024 2533A025;2;296059.5
2533A065 2533A064;2533A063 2533A026;2533A025 2533A026;2;296059.5
2514A012 2514A013;2514A013 2514A014;2514A056 2514A057;2;296065.5
2514A014 2514A126;2514A012 2514A013;2514A013 2514A014;2;296065.5
2534A021 2534A006;2534A006 2534A01101;2534A007 2534A006;2;296068.5
2523A008 2523A009;2523A008 2523A028;2523A007 2523A008;2;296074.5
2532A109 2532A01104;2532A106 2532A107;2514A007082532A106;2;296101.5
2532A078 2532A047;2532A086 2532A087;2532A076022532A047;2;296102.5
2514A038 2514A039;2532A109 2532A01104;2532A106 2532A109;2;296104.5
2514A039 2514A040;2532A109 2532A01104;2532A106 2532A109;2;296104.5
2514A040 2514A007;2532A109 2532A01104;2532A106 2532A109;2;296104.5
2532A109 2532A01104;2514A037 2514A038;2532A106 2532A109;2;296104.5
2532A109 2532A01104;2532A106 2532A109;2532A011032523A043;2;296104.5
2532A109 2532A01104;2532A106 2532A109;2532A093 2532A010;2;296104.5
2533A063 2533A064;2533A064 2533A063;2533A063 2533A026;2;296116.5
2532A017 2532A075;2532A075 2532A018;2532A075 2532A071;2;296119.5
2533A033 3511A001;2533A033 2444A074;2533A112 2533A033;2;296122.5
2514A086 2514A088;2513A087 2513A099;2513A107 2531A079;2;296127.5
2514A027022514A143;2514A142 2514A143;2514A139 2514A00504;2;296132.5
2514A143 2514A144;2514A018 2514A01901;2514A139 2514A00504;2;296132.5
2514A143 2514A144;2514A030 2514A00501;2514A139 2514A00504;2;296132.5
2514A143 2514A144;2514A139 2514A00504;2514A029 2514A030;2;296132.5
2534A025 2534A026;2534A024 2534A025;2534A021 2534A025;2;296138.5
2532A027 2532A028;2532A013 2532A014;2532A016 2541A001;2;296139.5
2532A027 2532A028;2532A014 2541A001;2532A016 2541A001;2;296139.5
2532A027 2532A028;2532A016 2541A001;2541A006 2543A017;2;296139.5
2532A027 2532A028;2532A016 2541A001;2543A017 2543A007;2;296139.5
2532A027 2532A028;2541A001 2541A006;2532A016 2541A001;2;296139.5
2532A027 2532A028;2541A002 2532A013;2532A016 2541A001;2;296139.5
2532A027 2532A028;2541A044022541A002;2532A016 2541A001;2;296139.5
2531A133 2531A096;2531A096 2531A108;2531A097 2531A096;2;296143.5
2523A048 2523A050;2523A012 2523A013;2523A048 2523A050;2;296149.5
2534A005 3512A002;3512A007 3512A002;3512A020 3512A008;2;296149.5
2514A092 2523A042;2514A037 2514A038;2514A036 2514A037;2;296182.5
2532A010032532A107;2532A106 2532A109;2514A007082532A106;2;296185.5
2532A010032532A107;2532A106 2532A107;2514A007022532A01001;2;296188.5
2532A010032532A107;2532A106 2532A107;2514A007082532A106;2;296188.5
2532A010032532A107;2532A106 2532A107;2532A093 2532A010;2;296188.5
2532A010032532A107;2532A106 2532A107;2532A106 2532A109;2;296188.5
2532A109 2532A01104;2532A010032532A107;2532A106 2532A107;2;296188.5
2513A088 2531A00901;2531A009022531A050;2531A009032531A06801;2;296196.5
2532A029 2532A027;2532A007 2532A027;2532A015 2532A016;2;296207.5
2543A020 2543A007;2543A007 2543A001;2541A006 2543A017;2;296207.5
2533A026 2533A027;2533A063 2533A026;2533A025 2533A026;2;296209.5
2533A073 2533A075;2533A079 2533A037;2531A014 2533A078;2;296220.5
2533A089 2533A088;2533A088 2533A084;2533A086 2533A088;2;296225.5
2533A043 2533A045;2533A042 2533A043;2533A041 2533A045;2;296243.5
2523A016 2523A017;2523A032 2523A031;2523A034 2523A032;2;296247.5
2523A032 2523A031;2523A017 2541A003;2523A034 2523A032;2;296247.5
2523A032 2523A031;2523A034 2523A032;2514A033032514A034;2;296247.5
2523A032 2523A031;2523A034 2523A032;2541A002 2541A007;2;296247.5
2523A032 2523A031;2523A034 2523A032;2541A007 2541A008;2;296247.5
2523A032 2523A031;2523A034 2523A032;2541A008 2541A009;2;296247.5
2523A032 2523A031;2523A034 2523A032;2541A009 2541A010;2;296247.5
2523A032 2523A031;2523A034 2523A032;2541A017 2541A018;2;296247.5
2523A032 2523A031;2523A034 2523A032;2541A018 2541A019;2;296247.5
2523A032 2523A031;2541A010 2541A011;2523A034 2523A032;2;296247.5
2541A011 2541A012;2523A032 2523A031;2523A034 2523A032;2;296247.5
2541A012 2541A013;2523A032 2523A031;2523A034 2523A032;2;296247.5
2541A013 2541A015;2523A032 2523A031;2523A034 2523A032;2;296247.5
2541A015 2541A016;2523A032 2523A031;2523A034 2523A032;2;296247.5
2541A016 2541A017;2523A032 2523A031;2523A034 2523A032;2;296247.5
2541A019 2541A003;2523A032 2523A031;2523A034 2523A032;2;296247.5
2523A002 2523A011;2523A010 2523A002;2523A001 2523A010;2;296250.5
2523A010 2523A002;2523A001 2523A010;2523A002 2523A016;2;296250.5
2523A010 2523A002;2523A001 2523A010;2523A008 2523A009;2;296250.5
2523A010 2523A002;2523A001 2523A010;2523A009 2523A001;2;296250.5
2523A010 2523A002;2523A001 2523A010;2523A011 2523A012;2;296250.5
2523A010 2523A002;2523A001 2523A010;2523A012 2523A013;2;296250.5
2523A010 2523A002;2523A001 2523A010;2523A013 2523A048;2;296250.5
2523A010 2523A002;2523A001 2523A010;2523A015 2524A001;2;296250.5
2523A010 2523A002;2523A001 2523A010;2523A050 2524A001;2;296250.5
2523A010 2523A002;2523A001 2523A015;2523A001 2523A010;2;296250.5
2523A030 2523A016;2523A010 2523A002;2523A001 2523A010;2;296250.5
2534A002 2534A018;2534A003 2534A018;2534A024 2534A025;2;296253.5
2533A011042533A050;2533A096 2533A050;2533A050 2533A00105;2;296269.5
2514A036 2514A037;2514A176 2514A036;2514A034 2523A033;2;296279.5
2514A037 2514A092;2514A036 2514A037;2514A176 2514A036;2;296279.5
2514A092 2523A042;2514A036 2514A037;2514A176 2514A036;2;296279.5
2514A139 2514A00504;2514A144 2514A145;2514A144 2514A145;2;296300.5
2533A033 2444A074;2533A051 2444A074;2444A074 3422A045;2;296305.5
2444A046 2444A009;2444A052 2444A045;2442A010 2442A058;2;296307.5
2532A037 2532A072;2532A005 2532A037;2532A035 2532A036;2;296313.5
2514A039 2514A040;2514A037 2514A038;2532A011032523A043;2;296317.5
3512A013 3512A014;3512A014 2534A004;3512A005 3512A019;2;296318.5
2543A001 2543A008;2534A043 2543A019;2543A008 2543A009;2;296322.5
2543A001 2543A008;2543A008 2543A009;2543A015 2543A010;2;296322.5
2543A001 2543A008;2543A020 2543A019;2543A008 2543A009;2;296322.5
2543A020 2543A007;2543A001 2543A008;2543A008 2543A009;2;296322.5
2543A020 2543A007;2534A043 2543A019;2541A006 2543A017;2;296325.5
2543A020 2543A007;2534A043 2543A019;2543A008 2543A009;2;296325.5
2543A020 2543A007;2534A043 2543A019;2543A009 2543A010;2;296325.5
2543A020 2543A007;2534A043 2543A019;2543A015 2543A010;2;296325.5
2543A020 2543A007;2534A043 2543A019;2543A017 2543A007;2;296325.5
2543A020 2543A007;2541A001 2541A006;2534A043 2543A019;2;296325.5
2543A020 2543A007;2543A001 2543A008;2534A043 2543A019;2;296325.5
2543A020 2543A007;2543A007 2543A001;2534A043 2543A019;2;296325.5
2533A037 2533A038;2533A079 2533A037;2531A010 2533A037;2;296338.5
3512A004 3512A005;3512A019 3512A014;3512A005 3512A006;2;296344.5
2514A031 2514A020;2514A006022514A020;2514A020 2523A003;2;296349.5
2534A050 2534A009;2534A023 2534A051;2534A043 2534A051;2;296350.5
2532A013 2532A014;2541A001 2541A006;2532A016 2541A001;2;296352.5
2514A018 2514A01901;2514A145 2514A139;2514A139 2514A00504;2;296356.5
2514A145 2514A139;2514A030 2514A00501;2514A139 2514A00504;2;296356.5
2514A145 2514A139;2514A139 2514A00504;2514A029 2514A030;2;296356.5
2533A093 2533A067;2533A066 2533A093;2533A093 2533A073;2;296362.5
2531A065 2531A052;2531A051 2531A052;2531A052 2531A008;2;296366.5
2533A055 2533A054;2533A095 2533A096;2533A053 2533A002;2;296371.5
2523A042 2523A033;2514A037 2514A092;2523A042 2523A043;2;296383.5
2531A021 2531A086;2531A004022531A019;2531A021 2531A022;2;296383.5
2533A096 2533A050;2533A053 2533A095;2533A054 2533A095;2;296383.5
3511A022 3511A008;3511A008 3511A023;3511A048 3511A008;2;296386.5
3511A022 3511A008;3511A023 3512A011;3511A048 3511A008;2;296386.5
3511A037 3511A022;3511A037 3511A007;3511A006 3511A037;2;296398.5
2523A027 2523A028;2523A027 2523A031;2523A006 2523A027;2;296403.5
2532A038 2532A002;2532A038 2531A068;2531A069 2532A038;2;296405.5
2532A037 2532A072;2532A097 2532A064;2532A076042532A097;2;296410.5
2444A045 2444A046;2444A052 2444A045;2442A010 2442A058;2;296417.5
2531A133 2531A16401;2531A133 2533A065;2531A133 2531A096;2;296418.5
2442A123 2442A064;2442A140 2442A139;2442A130 2442A140;2;296422.5
2442A139 2442A122;2442A140 2442A139;2442A130 2442A140;2;296422.5
2442A140 2442A139;2442A064 2442A007;2442A130 2442A140;2;296422.5
2442A140 2442A139;2531A120 2442A131;2442A130 2442A140;2;296422.5
2442A140 2442A139;2531A121 2531A120;2442A130 2442A140;2;296422.5
2532A027 2532A028;2541A002 2532A013;2532A013 2532A014;2;296422.5
2541A002 2532A013;2532A013 2532A014;2532A015 2532A016;2;296422.5
2541A002 2532A013;2532A013 2532A014;2532A015 2532A028;2;296422.5
2541A002 2532A013;2532A013 2532A014;2532A016 2541A001;2;296422.5
2541A044022541A002;2541A002 2532A013;2532A013 2532A014;2;296422.5
3511A067 3511A040;3511A036 3511A067;3511A067 3511A035;2;296431.5
2523A001 2523A015;2523A012 2523A013;2523A011 2523A012;2;296437.5
2534A021 2534A006;2534A003 2534A020;2534A021 2534A025;2;296437.5
2531A104 2531A106;2531A033 2531A103;2531A032 2531A102;2;296443.5
2532A037 2532A072;2532A072 2532A097;2514A041 2514A00705;2;296456.5
2532A037 2532A072;2532A072 2532A097;2532A005 2514A041;2;296456.5
2532A037 2532A072;2532A072 2532A097;2532A005 2532A037;2;296456.5
2532A037 2532A072;2532A072 2532A097;2532A035 2532A036;2;296456.5
2532A037 2532A072;2532A072 2532A097;2532A036 2532A037;2;296456.5
2532A037 2532A072;2532A072 2532A097;2532A093022532A017;2;296456.5
2514A039 2514A040;2514A038 2514A039;2532A011032523A043;2;296458.5
2531A004022531A019;2531A020 2531A021;2531A054 2531A055;2;296461.5
2533A084 2533A087;2533A039 2533A081;2533A087 2533A040;2;296473.5
2532A030 2532A00603;2532A006022532A007;2532A081 2532A00601;2;296482.5
2523A001 2523A015;2523A015 2523A014;2523A013 2523A048;2;296487.5
2541A044022541A002;2541A002 2532A013;2541A007 2541A008;2;296488.5
2543A007 2543A001;2543A020 2543A019;2543A017 2543A007;2;296495.5
2534A003 2534A018;2534A017 2534A003;2534A020 2534A021;2;296507.5
2514A028 2514A029;2514A030 2514A00501;2514A029 2514A166;2;296509.5
2514A037 2514A092;2514A092 2523A042;2514A034 2514A176;2;296509.5
2514A037 2514A092;2514A092 2523A042;2514A034 2523A033;2;296509.5
2514A037 2514A092;2514A092 2523A042;2514A036 2514A037;2;296509.5
2514A037 2514A092;2514A092 2523A042;2514A037 2514A038;2;296509.5
2514A037 2514A092;2514A092 2523A042;2514A038 2514A039;2;296509.5
2514A037 2514A092;2514A092 2523A042;2514A039 2514A040;2;296509.5
2514A037 2514A092;2514A092 2523A042;2514A040 2514A007;2;296509.5
2514A037 2514A092;2514A092 2523A042;2514A176 2514A036;2;296509.5
2514A037 2514A092;2514A092 2523A042;2532A011032523A043;2;296509.5
2523A001 2523A015;2523A013 2523A048;2523A012 2523A013;2;296512.5
2534A024 3512A020;2534A005 2534A024;2534A024 2534A025;2;296514.5
2514A065 2514A089;2514A064 2514A065;2514A010 2514A004;2;296530.5
2534A032 2534A002;2534A032 2534A004;3512A013 2534A032;2;296533.5
2442A006 2442A007;2442A007 2442A046;2442A064 2442A007;2;296545.5
2514A030 2514A00501;2514A139 2514A00504;2514A029 2514A030;2;296545.5
2514A030 2514A00501;2514A145 2514A139;2514A029 2514A030;2;296545.5
2514A030 2514A00501;2523A014 2512A095;2514A029 2514A030;2;296545.5
2514A031 2523A014;2514A030 2514A00501;2514A029 2514A030;2;296545.5
2514A143 2514A144;2514A030 2514A00501;2514A029 2514A030;2;296545.5
2533A028 2533A058;2533A027 2533A028;2533A028 2533A107;2;296551.5
3511A011 3511A073;3511A073 3512A011;3511A073 3512A015;2;296551.5
2514A088 2531A078;2513A088 2513A107;2513A099 2531A078;2;296561.5
2444A006 2444A078;2444A049 2444A050;2444A050 2444A006;2;296572.5
2514A041 2514A00705;2532A075 2532A071;2532A076 2532A071;2;296586.5
2532A005 2514A041;2532A075 2532A071;2532A076 2532A071;2;296586.5
2532A018 2532A029;2532A075 2532A071;2532A076 2532A071;2;296586.5
2532A075 2532A071;2532A005 2532A037;2532A076 2532A071;2;296586.5
2532A075 2532A071;2532A076 2532A071;2532A093022532A017;2;296586.5
2532A043 2532A062;2532A062 2532A035;2532A063 2532A062;2;296587.5
2514A065 2514A066;2514A004 2514A011;2514A058 2514A004;2;296590.5
2533A051 2533A029;2533A029 2444A011;2533A001042533A029;2;296600.5
2531A025 2531A125;2531A024 2531A025;2531A025 2531A18305;2;296602.5
3512A004 3512A005;3512A017 3512A016;3512A006 3512A017;2;296602.5
3512A012 3512A016;3512A006 3512A017;3512A016 3512A015;2;296602.5
3512A015 3512A004;3512A017 3512A016;3512A006 3512A017;2;296602.5
3512A017 3512A016;3512A006 3512A017;3512A005 3512A006;2;296602.5
2442A044 2442A006;2442A006 2442A007;2442A006 2442A067;2;296603.5
2442A139 2442A122;2442A061 2442A063;2442A064 2442A007;2;296605.5
2532A014 2541A001;2541A001 2541A006;2532A015 2532A016;2;296605.5
2532A027 2532A028;2532A013 2532A014;2532A015 2532A016;2;296614.5
2532A027 2532A028;2532A014 2541A001;2532A015 2532A016;2;296614.5
2532A027 2532A028;2532A015 2532A016;2541A006 2543A017;2;296614.5
2532A027 2532A028;2532A015 2532A016;2543A017 2543A007;2;296614.5
2532A027 2532A028;2541A001 2541A006;2532A015 2532A016;2;296614.5
2532A027 2532A028;2541A002 2532A013;2532A015 2532A016;2;296614.5
2532A027 2532A028;2541A044022541A002;2532A015 2532A016;2;296614.5
2543A010 2543A011;2543A009 2543A010;2543A015 2543A010;2;296617.5
2513A193 2514A008;2514A009 2514A001;2514A001 2514A060;2;296618.5
2543A015 2534A043;2543A015 2543A010;2534A023 2543A015;2;296621.5
2534A009 2534A010;2534A050 2534A009;2534A051 2534A050;2;296623.5
2534A050 2534A009;2534A051 2534A050;2534A010 2534A007;2;296623.5
2534A050 2534A009;2534A051 2534A050;2541A001 2541A006;2;296623.5
2534A050 2534A009;2534A051 2534A050;2541A006 2543A017;2;296623.5
2534A050 2534A009;2534A051 2534A050;2543A017 2543A007;2;296623.5
2532A078 2532A047;2532A022 2532A078;2532A078 2532A082;2;296625.5
2514A086 2514A088;2532A005 2514A069;2514A060 2514A069;2;296632.5
2534A040 2534A039;2533A085 2533A084;2533A086 2533A088;2;296647.5
2532A017 2532A075;2532A017 2532A018;2532A093022532A017;2;296650.5
2514A088 2531A078;2513A107 2531A079;2513A099 2531A078;2;296656.5
2531A051 2531A052;2531A050 2531A051;2531A065 2531A066;2;296661.5
2531A051 2531A052;2531A050 2531A066;2531A050 2531A051;2;296661.5
2531A065 2531A052;2531A051 2531A052;2531A050 2531A051;2;296661.5
2534A009 2534A010;2534A050 2534A009;2532A007 2534A009;2;296661.5
2532A029 2532A030;2532A007 2532A027;2532A030 2532A00603;2;296675.5
2532A029 2532A030;2532A029 2532A027;2532A030 2532A00603;2;296675.5
2532A029 2532A030;2532A030 2532A00603;2532A006022532A007;2;296675.5
2532A029 2532A030;2532A030 2532A00603;2532A018 2532A029;2;296675.5
2532A029 2532A030;2532A030 2532A00603;2532A075 2532A071;2;296675.5
2532A029 2532A030;2532A030 2532A00603;2532A076 2532A071;2;296675.5
2513A193 2514A008;2513A081 2513A113;2514A008 2514A001;2;296682.5
2513A193 2514A008;2514A008 2514A001;2513A028 2513A029;2;296682.5
2513A193 2514A008;2514A008 2514A001;2514A060 2514A069;2;296682.5
2513A193 2514A008;2514A069 2514A086;2514A008 2514A001;2;296682.5
2513A193 2514A008;2514A086 2514A088;2514A008 2514A001;2;296682.5
2533A079 2533A037;2531A014 2533A078;2533A075 2533A078;2;296692.5
2442A009 2442A010;2442A058 2444A045;2442A048 2442A049;2;296693.5
2532A013 2532A014;2532A016 2541A001;2532A015 2532A028;2;296697.5
2532A014 2541A001;2532A016 2541A001;2532A015 2532A028;2;296697.5
2532A016 2541A001;2532A015 2532A028;2541A006 2543A017;2;296697.5
2532A016 2541A001;2532A015 2532A028;2543A017 2543A007;2;296697.5
2541A001 2541A006;2532A016 2541A001;2532A015 2532A028;2;296697.5
2541A002 2532A013;2532A016 2541A001;2532A015 2532A028;2;296697.5
2541A044022541A002;2532A016 2541A001;2532A015 2532A028;2;296697.5
2533A079 2533A037;2531A010 2531A014;2533A078 2533A079;2;296699.5
2533A079 2533A037;2531A010 2533A037;2533A078 2533A079;2;296699.5
2533A079 2533A037;2531A014 2533A078;2533A078 2533A079;2;296699.5
2533A079 2533A037;2533A040 2533A041;2533A078 2533A079;2;296699.5
2533A079 2533A037;2533A078 2533A079;2533A068 2533A041;2;296699.5
2531A102 2531A103;2531A134 2531A104;2531A032 2531A102;2;296701.5
2541A004 2532A008;2532A008022532A01101;2532A093022532A00801;2;296710.5
2534A002 2534A018;2534A003 2534A020;2534A020 2534A021;2;296719.5
2534A003 2534A018;2534A003 2534A020;2534A020 2534A021;2;296719.5
2534A003 2534A020;2534A017 2534A003;2534A020 2534A021;2;296719.5
2534A003 2534A020;2534A024 2534A025;2534A020 2534A021;2;296719.5
2514A037 2514A092;2514A176 2514A036;2514A034 2514A176;2;296728.5
2514A092 2523A042;2514A176 2514A036;2514A034 2514A176;2;296728.5
2514A176 2514A036;2514A034 2523A033;2514A034 2514A176;2;296728.5
2444A011 2444A010;2533A029 2444A011;2444A031 3422A045;2;296729.5
2533A045 2533A042;2533A043 2533A045;2533A042 2533A043;2;296738.5
2514A065 2514A066;2514A089 2514A115;2514A010 2514A004;2;296743.5
2514A065 2514A066;2514A010 2514A081;2514A010 2514A066;2;296749.5
2442A009 2442A010;2442A058 2444A045;2442A049 2442A010;2;296750.5
2513A087 2513A099;2513A088 2513A107;2531A078 2531A079;2;296750.5
2523A002 2523A011;2523A001 2523A015;2523A011 2523A012;2;296758.5
2533A019 2533A114;2533A114 2533A103;2533A111 2533A114;2;296764.5
2534A008 2534A028;2534A027 2534A008;2534A011022534A008;2;296764.5
2533A051 2533A029;2533A112 2533A051;2533A051 2444A074;2;296785.5
2514A123 2514A141;2514A141 2514A142;2514A018 2514A141;2;296794.5
2531A047 2531A048;2531A139 2531A112;2442A057 2442A009;2;296798.5
2531A107 2531A106;2531A034 2531A097;2531A097 2531A096;2;296802.5
2531A005 2531A023;2531A023 2531A15001;2531A023 2531A061;2;296803.5
2514A066 2514A081;2514A010 2514A066;2514A010 2514A004;2;296806.5
2533A085 2534A040;2534A040 2534A039;2533A086 2533A088;2;296808.5
2514A010 2514A081;2514A066 2514A081;2514A010 2514A066;2;296812.5
2532A078 2532A047;2532A086 2532A047;2532A076022532A047;2;296816.5
2531A012 2531A131;2531A100 2531A131;2531A131 2531A153;2;296818.5
2513A087 2513A099;2514A069 2514A086;2531A078 2531A079;2;296821.5
2534A043 2534A051;2543A015 2534A043;2543A020 2543A019;2;296835.5
2523A002 2523A011;2523A010 2523A002;2523A002 2523A016;2;296836.5
2534A005 2534A024;3512A002 3512A008;3512A020 3512A008;2;296839.5
2534A005 3512A002;3512A002 3512A008;3512A020 3512A008;2;296839.5
2533A066 2533A093;2533A074 2533A066;2533A023 2533A066;2;296842.5
2513A087 2513A099;2513A107 2531A079;2531A078 2531A079;2;296845.5
2531A050 2531A066;2531A009022531A050;2531A050 2531A051;2;296856.5
2442A139 2442A122;2442A064 2442A007;2442A063 2442A064;2;296857.5
2534A040 2534A039;2534A033 2534A034;2534A038 2534A016;2;296859.5
2532A029 2532A027;2532A007 2532A027;2532A015 2532A028;2;296861.5
2532A086 2532A047;2532A087 2532A08202;2532A087 2532A081;2;296863.5
2444A011 2444A010;2444A010 2444A029;2444A038 2444A037;2;296866.5
2442A044 2442A006;2442A173 2442A042;2442A098 2442A094;2;296872.5
2442A044 2442A006;2444A055 2442A042;2442A098 2442A005;2;296872.5
2523A031 2523A030;2523A027 2523A031;2523A032 2523A031;2;296874.5
2513A104 2513A096;2513A090 2513A104;2513A089 2513A095;2;296887.5
2531A020 2531A019;2531A020 2531A021;2531A019 2531A020;2;296893.5
3512A007 3512A002;3512A006 3512A017;3512A005 3512A006;2;296896.5
2534A027 2534A026;2534A025 2534A026;2534A026 2534A055;2;296906.5
2514A009 2514A001;2513A086 2514A009;2514A074 2514A009;2;296914.5
2531A047 2531A048;2442A057 2442A009;2531A113 2531A139;2;296914.5
2532A037 2532A072;2532A005 2532A037;2532A036 2532A037;2;296914.5
3511A037 3511A022;3511A005 3511A021;3511A022 3511A008;2;296914.5
3511A037 3511A022;3511A021 3511A022;3511A022 3511A008;2;296914.5
2514A069 2514A086;2532A005 2514A069;2514A060 2514A069;2;296919.5
2514A039 2514A040;2514A040 2514A007;2532A011032523A043;2;296926.5
2533A095 2533A096;2533A096 2533A050;2533A053 2533A002;2;296926.5
2531A102 2531A103;2531A102 2531A134;2531A032 2531A102;2;296932.5
2534A045 2534A013;2534A044 2534A045;2532A022 2534A045;2;296932.5
2534A040 2534A039;2533A086 2534A040;2533A085 2533A084;2;296933.5
2534A055 2534A030;2534A026 2534A055;2534A027 2534A055;2;296935.5
2533A031 2533A097;2533A031 2533A112;2533A030 2533A031;2;296938.5
2523A014 2512A095;2514A094 2514A095;2514A026 2514A101;2;296946.5
2534A024 3512A020;2534A005 2534A024;3512A020 3512A008;2;296956.5
2534A024 3512A020;2534A005 3512A002;3512A020 3512A008;2;296956.5
2532A005 2514A041;2532A005 2514A069;2532A005 2532A037;2;296965.5
2533A003 2533A035;2533A003 2533A055;2533A003 2533A034;2;296969.5
2534A005 3512A002;3512A002 3512A008;3512A006 3512A007;2;296969.5
2532A029 2532A030;2532A029 2532A027;2532A018 2532A029;2;296970.5
2531A044 2531A045;2531A045 2531A117;2531A046 2531A047;2;296971.5
2514A077 2514A078;2514A062 2514A064;2514A060 2514A061;2;296977.5
2444A011 2444A031;2444A011 2444A010;2533A029 2444A011;2;296979.5
2531A121 2531A120;2442A132 2442A126;2531A070 2531A123;2;296998.5
2534A017 2534A010;2534A009 2534A010;2534A010 2534A007;2;296999.5
2514A016 2514A018;2514A016 2514A124;2514A014 2514A016;2;297003.5
2514A088 2531A078;2514A069 2514A086;2514A088 2513A099;2;297010.5
2531A136 2531A088;2531A088 2531A090;2531A088 2531A057;2;297013.5
2533A084 2533A087;2533A081 2533A087;2533A087 2533A040;2;297013.5
2523A006 2523A027;2523A006 2523A007;2523A005 2523A006;2;297016.5
2514A093 2514A094;2514A094 2514A095;2514A096 2512A095;2;297022.5
2514A014 2514A126;2514A056 2514A057;2514A054 2514A055;2;297025.5
2444A049 2444A024;2444A049 2444A050;2444A008 2444A049;2;297034.5
2531A056 2531A057;2531A086 2531A085;2531A054 2531A055;2;297034.5
2534A039 2534A038;2534A034 2534A038;2534A038 2534A016;2;297034.5
2514A001 2514A060;2514A060 2514A061;2514A060 2514A069;2;297038.5
2513A097 2513A098;2531A066 2513A097;2513A096 2513A097;2;297040.5
2531A153 2531A185;2531A040 2531A00302;2531A185 2531A18405;2;297040.5
2543A020 2543A007;2541A001 2541A006;2543A020 2543A019;2;297046.5
2543A020 2543A007;2543A001 2543A008;2543A020 2543A019;2;297046.5
2543A020 2543A007;2543A007 2543A001;2543A020 2543A019;2;297046.5
2543A020 2543A007;2543A020 2543A019;2541A006 2543A017;2;297046.5
2543A020 2543A007;2543A020 2543A019;2543A008 2543A009;2;297046.5
2543A020 2543A007;2543A020 2543A019;2543A009 2543A010;2;297046.5
2543A020 2543A007;2543A020 2543A019;2543A015 2543A010;2;297046.5
2543A020 2543A007;2543A020 2543A019;2543A017 2543A007;2;297046.5
2533A019 2533A114;2533A018 2533A019;2533A111 2533A114;2;297052.5
2533A019 2533A114;2533A111 2533A018;2533A018 2533A019;2;297052.5
3512A006 3512A007;3512A006 3512A017;3512A005 3512A006;2;297063.5
2442A123 2442A064;2442A139 2442A122;2442A061 2442A063;2;297070.5
2442A123 2442A064;2442A139 2442A122;2442A063 2442A064;2;297070.5
2442A123 2442A064;2442A139 2442A122;2442A064 2442A007;2;297070.5
2442A123 2442A064;2442A139 2442A122;2442A130 2442A140;2;297070.5
2442A123 2442A064;2442A139 2442A122;2442A140 2442A139;2;297070.5
3512A006 3512A007;3512A019 3512A014;3512A005 3512A019;2;297070.5
3512A007 3512A002;3512A019 3512A014;3512A005 3512A019;2;297070.5
3512A019 3512A014;3512A005 3512A019;2534A004 2534A005;2;297070.5
2534A016 2534A001;2534A015 2534A016;2534A038 2534A016;2;297071.5
3512A013 3512A014;3512A019 3512A014;3512A014 2534A004;2;297074.5
2532A014 2541A001;2541A001 2541A006;2532A016 2541A001;2;297080.5
2444A024 2533A01101;2533A011042533A050;2533A011022533A00101;2;297084.5
2534A032 2534A004;3512A014 2534A004;2534A004 2534A005;2;297090.5
2531A033 2531A034;2531A033 2531A103;2531A032 2531A033;2;297091.5
2534A012 2534A035;2534A012 2534A013;2532A094 2534A012;2;297093.5
2533A085 2534A040;2534A040 2534A039;2533A086 2534A040;2;297094.5
2532A014 2541A001;2532A013 2532A014;2532A015 2532A016;2;297098.5
2532A014 2541A001;2532A013 2532A014;2532A015 2532A028;2;297098.5
2532A014 2541A001;2532A013 2532A014;2532A016 2541A001;2;297098.5
2532A027 2532A028;2532A014 2541A001;2532A013 2532A014;2;297098.5
2541A044022541A002;2532A014 2541A001;2532A013 2532A014;2;297098.5
3512A004 3512A005;3512A005 3512A006;3512A005 3512A019;2;297100.5
2534A043 2543A019;2543A009 2543A010;2543A020 2543A019;2;297105.5
2534A043 2543A019;2543A020 2543A019;2541A006 2543A017;2;297105.5
2534A043 2543A019;2543A020 2543A019;2543A008 2543A009;2;297105.5
2534A043 2543A019;2543A020 2543A019;2543A015 2543A010;2;297105.5
2534A043 2543A019;2543A020 2543A019;2543A017 2543A007;2;297105.5
2541A001 2541A006;2534A043 2543A019;2543A020 2543A019;2;297105.5
2543A001 2543A008;2534A043 2543A019;2543A020 2543A019;2;297105.5
2543A007 2543A001;2534A043 2543A019;2543A020 2543A019;2;297105.5
2531A062 2531A063;2531A166 2531A035;2531A165 2531A065;2;297107.5
2514A086 2514A088;2513A087 2513A099;2531A078 2531A079;2;297108.5
2531A022 2531A005;2531A022 2531A086;2531A021 2531A022;2;297109.5
2531A037 2531A00403;2531A035 2531A037;2531A037 2531A098;2;297109.5
2533A053 2533A002;2533A002 2533A012;2533A097 2533A002;2;297109.5
2532A078 2532A047;2532A086 2532A047;2532A086 2532A087;2;297112.5
2532A086 2532A047;2532A086 2532A087;2532A075 2532A071;2;297112.5
2532A086 2532A047;2532A086 2532A087;2532A078 2532A082;2;297112.5
2531A097 2531A107;2531A034 2531A097;2531A097 2531A096;2;297114.5
2533A087 2533A040;2533A040 2533A041;2533A039 2533A040;2;297118.5
2523A001 2523A015;2523A015 2523A014;2523A050 2524A001;2;297120.5
2514A147 2514A095;2514A027032514A028;2514A029 2514A030;2;297126.5
2534A008 2534A028;2534A028 2534A030;2534A028 2534A052;2;297130.5
2532A017 2532A018;2532A075 2532A018;2532A018 2532A029;2;297135.5
2444A006 2444A078;2444A078 2444A050;2444A050 2444A006;2;297136.5
2534A005 3512A002;3512A002 3512A008;3512A007 3512A002;2;297136.5
2442A058 2444A045;2444A046 2444A009;2444A052 2444A045;2;297140.5
2513A104 2513A096;2531A062 2513A096;2513A096 2513A097;2;297142.5
2532A009 2532A039;2532A009 2532A042;2532A002 2532A009;2;297142.5
2514A062 2514A064;2514A062 2514A077;2514A061 2514A062;2;297146.5
2523A001 2523A015;2523A015 2524A001;2523A013 2523A048;2;297151.5
2532A062 2532A035;2532A034 2532A035;2532A036 2532A037;2;297153.5
2442A044 2442A006;2442A173 2442A174;2442A098 2442A094;2;297158.5
2514A028 2514A147;2514A147 2514A095;2514A029 2514A166;2;297162.5
2523A001 2523A015;2523A015 2523A014;2523A015 2524A001;2;297162.5
2444A005022444A006;2444A005 3422A098;2444A005 2444A004;2;297163.5
2444A005022444A006;2444A022 2444A004;3422A035 3422A098;2;297163.5
3511A004 3511A003;3511A024 3511A004;3511A004 3511A035;2;297169.5
2532A013 2532A014;2532A015 2532A016;2532A015 2532A028;2;297172.5
2532A014 2541A001;2532A015 2532A016;2532A015 2532A028;2;297172.5
2532A015 2532A016;2532A015 2532A028;2541A006 2543A017;2;297172.5
2532A015 2532A016;2532A015 2532A028;2543A017 2543A007;2;297172.5
2541A001 2541A006;2532A015 2532A016;2532A015 2532A028;2;297172.5
2541A002 2532A013;2532A015 2532A016;2532A015 2532A028;2;297172.5
2541A044022541A002;2532A015 2532A016;2532A015 2532A028;2;297172.5
2534A011032534A052;2534A028 2534A052;2534A052 2534A023;2;297184.5
2523A001 2523A015;2523A013 2523A048;2523A050 2524A001;2;297193.5
2531A058 2531A059;2531A136 2531A088;2531A060 2531A061;2;297196.5
2514A070 2514A074;2514A074 2514A078;2514A074 2514A009;2;297202.5
2541A044022541A002;2541A002 2532A013;2541A002 2541A007;2;297202.5
2513A088 2513A098;2513A097 2513A098;2513A098 2513A029;2;297217.5
2442A001 2442A18405;2442A001 2531A024;2531A024 2531A025;2;297220.5
2531A125 2442A126;2531A162 2531A125;2531A025 2531A125;2;297223.5
2532A005 2514A069;2532A035 2532A036;2532A036 2532A037;2;297225.5
2532A035 2532A036;2532A036 2532A037;2531A009032531A06801;2;297225.5
2532A037 2532A072;2532A035 2532A036;2532A036 2532A037;2;297225.5
2532A072 2532A097;2532A035 2532A036;2532A036 2532A037;2;297225.5
2513A089 2513A090;2513A089 2513A095;2513A095 2513A104;2;297229.5
2514A158 2514A05303;2514A052 2514A05301;2514A053022514A054;2;297230.5
2514A158 2514A152;2514A052 2514A05301;2514A053022514A054;2;297230.5
2531A045 2531A046;2531A044 2531A045;2531A045 2531A117;2;297235.5
2523A027 2523A028;2523A028 2523A030;2523A008 2523A028;2;297246.5
2531A106 2531A138;2531A104 2531A106;2531A097 2531A107;2;297247.5
2444A045 2444A046;2442A058 2444A045;2444A052 2444A045;2;297250.5
2444A049 2444A050;2444A078 2444A050;2444A050 2444A006;2;297262.5
2532A027 2532A028;2532A013 2532A014;2532A015 2532A028;2;297268.5
2532A027 2532A028;2532A014 2541A001;2532A015 2532A028;2;297268.5
2532A027 2532A028;2532A015 2532A028;2541A006 2543A017;2;297268.5
2532A027 2532A028;2541A001 2541A006;2532A015 2532A028;2;297268.5
2532A027 2532A028;2541A002 2532A013;2532A015 2532A028;2;297268.5
2532A027 2532A028;2541A044022541A002;2532A015 2532A028;2;297268.5
2532A027 2532A028;2543A017 2543A007;2532A015 2532A028;2;297268.5
2533A055 2533A054;2533A054 2533A053;2533A054 2533A095;2;297274.5
2543A020 2543A007;2543A007 2543A001;2543A017 2543A007;2;297275.5
2534A028 2534A030;2534A030 2534A031;2534A055 2534A030;2;297277.5
2532A064 2532A063;2532A063 2532A062;2532A044 2532A063;2;297280.5
2533A095 2533A096;2533A053 2533A095;2533A054 2533A095;2;297283.5
2533A081 2533A087;2533A039 2533A081;2533A039 2533A038;2;297286.5
2533A081 2533A087;2533A039 2533A081;2533A039 2533A040;2;297286.5
2533A081 2533A087;2533A039 2533A081;2533A087 2533A040;2;297286.5
2533A084 2533A087;2533A081 2533A087;2533A039 2533A081;2;297286.5
3511A037 3511A007;3511A007 3511A038;3511A007 3511A048;2;297292.5
2533A084 2533A087;2533A085 2534A040;2533A088 2533A084;2;297293.5
2442A061 2442A118;2442A118 2442A036;2442A119 2442A139;2;297294.5
2514A014 2514A126;2514A013 2514A014;2514A014 2514A016;2;297295.5
2533A040 2533A041;2533A041 2533A045;2533A068 2533A041;2;297295.5
2514A088 2531A078;2514A086 2514A088;2514A088 2513A099;2;297297.5
2531A099 2531A017;2531A099 2513A093;2531A100 2531A099;2;297298.5
2533A031 2533A112;2533A112 2533A051;2533A112 2533A033;2;297298.5
3511A008 3511A023;3511A073 3512A011;3512A011 3512A012;2;297302.5
3511A073 3512A011;3512A011 3512A012;3511A023 3512A011;2;297302.5
2442A057 2531A113;2442A057 2442A009;2531A048 2442A057;2;297304.5
2514A028 2514A029;2514A029 2514A030;2514A147 2514A166;2;297306.5
2533A037 2533A038;2533A039 2533A038;2533A038 2534A033;2;297313.5
2512A095 2512A091;2514A096 2514A094;2514A096 2512A095;2;297314.5
2512A095 2512A091;2514A096 2514A094;2523A014 2512A095;2;297314.5
2514A031 2523A014;2514A096 2514A094;2514A096 2512A095;2;297314.5
2514A096 2514A094;2514A093 2514A094;2514A096 2512A095;2;297314.5
2523A014 2512A095;2514A096 2514A094;2514A096 2512A095;2;297314.5
2531A065 2531A052;2531A165 2531A065;2531A065 2531A066;2;297321.5
2444A007 2444A008;2444A008 2444A049;2444A009 2444A008;2;297326.5
2531A048 2531A115;2442A057 2531A113;2531A139 2531A112;2;297329.5
2533A045 2533A042;2533A043 2533A045;2533A041 2533A045;2;297331.5
2442A123 2442A064;2442A123 2442A122;2442A122 2442A123;2;297334.5
2442A174 2442A044;2442A173 2442A042;2442A174 2442A094;2;297340.5
2444A038 2444A010;2444A006 2444A037;2444A037 2444A030;2;297340.5
2514A028 2514A029;2514A029 2514A166;2514A147 2514A166;2;297342.5
2514A028 2514A147;2514A029 2514A166;2514A147 2514A166;2;297342.5
2444A038 2444A010;2444A010 2444A029;2444A038 2444A037;2;297343.5
2444A038 2444A010;2444A024 2533A01101;2444A038 2444A037;2;297343.5
2444A038 2444A010;2444A037 2444A030;2444A038 2444A037;2;297343.5
2533A073 2533A075;2531A014 2533A078;2533A078 2533A079;2;297347.5
2444A038 2444A010;2444A011 2444A010;2444A010 2444A029;2;297349.5
2532A013 2532A014;2532A015 2532A016;2532A016 2541A001;2;297351.5
2532A014 2541A001;2532A015 2532A016;2532A016 2541A001;2;297351.5
2532A015 2532A016;2532A016 2541A001;2541A006 2543A017;2;297351.5
2532A015 2532A016;2532A016 2541A001;2543A017 2543A007;2;297351.5
2541A001 2541A006;2532A015 2532A016;2532A016 2541A001;2;297351.5
2541A002 2532A013;2532A015 2532A016;2532A016 2541A001;2;297351.5
2541A044022541A002;2532A015 2532A016;2532A016 2541A001;2;297351.5
2523A004 2523A005;2523A003 2523A004;2514A033032514A034;2;297354.5
2523A004 2523A005;2523A003 2523A004;2523A015 2523A014;2;297354.5
2523A004 2523A005;2523A003 2523A004;2523A032 2523A031;2;297354.5
2523A004 2523A005;2523A003 2523A004;2523A034 2523A032;2;297354.5
2531A182 2531A014;2533A073 2533A075;2533A075 2533A078;2;297354.5
2533A073 2533A075;2531A163 2531A182;2533A075 2533A078;2;297354.5
2533A073 2533A075;2531A163 2533A074;2533A075 2533A078;2;297354.5
2533A073 2533A075;2533A040 2533A041;2533A075 2533A078;2;297354.5
2533A073 2533A075;2533A075 2533A078;2533A068 2533A041;2;297354.5
2442A044 2442A006;2442A174 2442A044;2442A092 2442A094;2;297358.5
2514A037 2514A092;2514A038 2514A039;2514A036 2514A037;2;297358.5
2523A043 2523A034;2532A011032523A043;2523A042 2523A043;2;297359.5
2531A106 2531A138;2531A138 2531A108;2531A138 2531A117;2;297359.5
2442A057 2442A009;2442A009 2442A010;2442A009 2533A034;2;297361.5
2442A123 2442A064;2442A061 2442A063;2442A064 2442A007;2;297361.5
2533A065 2533A024;2531A133 2533A065;2533A065 2533A064;2;297361.5
2514A055 2514A056;2514A126 2514A055;2514A054 2514A055;2;297362.5
2531A034 2531A005;2531A005 2531A023;2531A022 2531A005;2;297379.5
2531A166 2531A035;2531A063 2531A166;2531A165 2531A166;2;297380.5
2531A099 2513A093;2513A093 2513A102;2513A084 2513A093;2;297388.5
2514A062 2514A064;2514A064 2514A079;2514A064 2514A065;2;297390.5
2531A004022531A019;2531A020 2531A019;2531A019 2531A020;2;297394.5
2531A085 2531A056;2531A055 2531A085;2531A086 2531A085;2;297397.5
2531A096 2531A108;2531A138 2531A108;2531A108 2531A109;2;297400.5
2534A012 2534A035;2534A035 2534A033;2534A014 2534A035;2;297403.5
2513A086 2514A009;2513A086 2513A105;2513A086 2513A081;2;297408.5
2531A045 2531A117;2531A117 2531A112;2531A138 2531A117;2;297410.5
2442A057 2531A113;2531A139 2531A112;2531A115 2531A113;2;297413.5
2523A042 2523A033;2523A033 2523A034;2514A034 2523A033;2;297419.5
2532A027 2532A028;2532A029 2532A027;2532A007 2532A027;2;297419.5
2534A007 2534A023;2534A007 2534A006;2534A010 2534A007;2;297420.5
2513A193 2513A087;2513A087 2513A099;2513A087 2513A088;2;297430.5
2531A012 2513A084;2513A084 2513A030;2513A084 2513A093;2;297430.5
2533A020 3511A038;2533A020 2533A104;2533A103 2533A020;2;297430.5
2534A005 2534A024;2534A005 3512A002;2534A004 2534A005;2;297434.5
2531A123 2442A132;2531A121 2442A132;2442A132 2442A126;2;297436.5
2532A044 2532A045;2532A045 2532A064;2532A045 2532A07601;2;297439.5
2533A031 2533A097;2533A001032533A097;2533A097 2533A002;2;297439.5
2531A048 2531A115;2442A057 2531A113;2531A113 2531A139;2;297445.5
2533A084 2533A087;2533A088 2533A084;2533A085 2533A084;2;297454.5
2531A060 2531A061;2531A060 2531A136;2531A059 2531A060;2;297457.5
2534A015 2534A016;2534A015 2534A044;2534A014 2534A015;2;297460.5
2523A048 2523A050;2523A013 2523A048;2523A048 2523A050;2;297463.5
2531A085 2531A056;2531A056 2531A057;2531A055 2531A056;2;297463.5
2533A053 2533A002;2533A053 2533A095;2533A054 2533A053;2;297466.5
2531A058 2531A059;2531A086 2531A058;2531A057 2531A058;2;297472.5
2533A038 2534A033;2534A033 2534A034;2534A035 2534A033;2;297478.5
2513A104 2513A096;2513A090 2513A104;2513A095 2513A104;2;297484.5
2531A047 2531A048;2531A047 2531A120;2531A045 2531A046;2;297490.5
2532A045 2532A064;2532A097 2532A064;2532A064 2532A063;2;297490.5
2514A037 2514A092;2514A037 2514A038;2514A036 2514A037;2;297499.5
2514A014 2514A126;2514A056 2514A126;2514A126 2514A055;2;297501.5
2514A057 2514A127;2514A129 2514A116;2514A058 2514A129;2;297502.5
2514A102 2514A122;2514A122 2514A123;2514A125 2514A122;2;297502.5
2533A024 2533A025;2533A025 2533A026;2533A025 2533A067;2;297502.5
2514A095 2514A02705;2514A147 2514A095;2514A094 2514A095;2;297506.5
2533A034 2531A110;2531A110 2531A109;2531A112 2531A110;2;297510.5
2523A048 2523A050;2523A015 2524A001;2523A048 2523A050;2;297514.5
2531A106 2531A138;2531A107 2531A106;2531A097 2531A107;2;297514.5
2531A107 2531A106;2531A097 2531A107;2531A033 2531A034;2;297514.5
2531A107 2531A106;2531A097 2531A107;2531A034 2531A097;2;297514.5
2531A107 2531A106;2531A097 2531A107;2531A096 2531A108;2;297514.5
2531A107 2531A106;2531A097 2531A107;2531A097 2531A096;2;297514.5
2531A107 2531A106;2531A097 2531A107;2531A138 2531A108;2;297514.5
2531A107 2531A106;2531A104 2531A106;2531A097 2531A107;2;297514.5
2444A049 2444A024;2444A024 2533A01101;2444A009 2444A024;2;297515.5
2514A053022514A054;2514A157 2514A054;2514A054 2514A055;2;297518.5
2442A009 2442A010;2442A048 2442A049;2442A010 2442A058;2;297526.5
2531A018 2531A00301;2531A017 2531A018;2531A018 2531A100;2;297526.5
2442A057 2531A113;2531A113 2531A139;2531A115 2531A113;2;297529.5
2442A061 2442A118;2442A118 2442A036;2442A118 2442A119;2;297529.5
2514A096 2514A094;2514A093 2514A094;2514A094 2514A095;2;297534.5
2533A089 2533A088;2534A040 2534A039;3511A015 2533A089;2;297534.5
2534A016 2534A001;2533A089 2533A088;3511A015 2533A089;2;297534.5
2514A086 2514A088;2514A069 2514A086;2514A060 2514A069;2;297539.5
2514A086 2514A088;2514A069 2514A086;2531A009032531A06801;2;297539.5
2514A086 2514A088;2514A069 2514A086;2532A005 2514A069;2;297539.5
2442A044 2442A006;2442A173 2442A042;2442A173 2442A174;2;297540.5
2442A173 2442A042;2442A173 2442A174;2442A098 2442A042;2;297540.5
2442A173 2442A174;2442A098 2442A094;2442A173 2442A042;2;297540.5
2444A055 2442A042;2442A173 2442A042;2442A173 2442A174;2;297540.5
2444A055 2442A042;2442A173 2442A174;2442A098 2442A042;2;297540.5
2533A085 2534A040;2533A086 2534A040;2533A086 2533A088;2;297540.5
2533A086 2534A040;2533A085 2533A084;2533A086 2533A088;2;297540.5
2533A086 2534A040;3511A015 2533A089;2533A086 2533A088;2;297540.5
2533A088 2533A084;2533A086 2534A040;2533A086 2533A088;2;297540.5
2533A089 2533A088;2533A086 2534A040;2533A086 2533A088;2;297540.5
2534A016 2534A001;2533A086 2534A040;2533A086 2533A088;2;297540.5
2534A040 2534A039;2533A086 2534A040;2533A086 2533A088;2;297540.5
2534A021 2534A006;2534A020 2534A021;2534A021 2534A025;2;297544.5
2514A052 2514A051;2514A052 2514A116;2514A052 2514A05301;2;297546.5
2534A051 2534A050;2534A023 2534A051;2534A043 2534A051;2;297553.5
2523A048 2523A050;2523A048 2523A050;2523A050 2524A001;2;297556.5
2534A043 2534A051;2543A015 2534A043;2534A043 2543A019;2;297556.5
2531A106 2531A138;2531A107 2531A106;2531A104 2531A106;2;297559.5
2442A139 2442A122;2442A123 2442A122;2442A122 2442A123;2;297562.5
2531A045 2531A046;2531A044 2531A045;2531A046 2531A047;2;297562.5
2531A045 2531A046;2531A045 2531A117;2531A046 2531A047;2;297562.5
2531A047 2531A048;2531A045 2531A046;2531A046 2531A047;2;297562.5
2531A047 2531A120;2531A045 2531A046;2531A046 2531A047;2;297562.5
2531A120 2442A131;2442A131 2442A130;2442A048 2442A131;2;297562.5
2442A127022442A046;2442A006 2442A007;2442A067 2442A12701;2;297568.5
2442A127022442A046;2442A006 2442A067;2442A067 2442A12701;2;297568.5
2442A127022442A046;2442A007 2442A046;2442A067 2442A12701;2;297568.5
2442A127022442A046;2442A067 2442A12701;2442A010 2442A058;2;297568.5
2442A127022442A046;2442A067 2442A12701;2442A058 2444A045;2;297568.5
2442A061 2442A063;2442A063 2442A064;2442A098 2442A005;2;297574.5
2442A063 2442A064;2442A061 2442A118;2442A181062442A061;2;297574.5
2531A103 2531A104;2531A102 2531A103;2531A033 2531A103;2;297574.5
2444A011 2444A031;2444A011 2444A010;2444A031 3422A045;2;297576.5
2444A011 2444A031;2444A031 3422A045;3422A077 3422A046;2;297576.5
2444A011 2444A031;2533A029 2444A011;2444A031 3422A045;2;297576.5
2444A011 2444A031;2533A051 2533A029;2444A031 3422A045;2;297576.5
2444A011 2444A031;3422A045 3422A046;2444A074 3422A045;2;297576.5
2532A087 2532A08202;2532A087 2532A081;2532A086 2532A087;2;297577.5
2531A123 2442A132;2531A123 2531A121;2531A070 2531A123;2;297580.5
2442A044 2442A092;2442A098 2442A005;2442A092 2442A094;2;297582.5
2442A044 2442A092;2442A098 2442A094;2442A174 2442A094;2;297582.5
2442A044 2442A092;2442A174 2442A044;2442A092 2442A094;2;297582.5
2442A044 2442A092;2442A174 2442A094;2442A092 2442A094;2;297582.5
2442A009 2442A010;2442A049 2442A010;2442A010 2442A058;2;297583.5
2531A047 2531A120;2531A121 2531A120;2531A120 2442A131;2;297589.5
2531A104 2531A106;2531A103 2531A104;2531A102 2531A134;2;297589.5
2532A087 2532A081;2532A081 2532A00601;2532A082012532A081;2;297590.5
2442A061 2442A063;2442A119 2442A139;2442A118 2442A119;2;297591.5
2442A063 2442A064;2442A119 2442A139;2442A118 2442A119;2;297591.5
2442A126 2442A139;2442A119 2442A139;2442A118 2442A119;2;297591.5
2531A102 2531A103;2531A102 2531A134;2531A134 2531A104;2;297595.5
2531A103 2531A104;2531A102 2531A134;2531A134 2531A104;2;297595.5
2533A116032533A012;2533A002 2533A012;2533A012 2533A004;2;297598.5
2531A023 2531A061;2531A060 2531A061;2531A061 2531A006;2;297601.5
2442A044 2442A006;2442A044 2442A092;2442A174 2442A044;2;297602.5
2514A027022514A143;2514A142 2514A143;2514A145 2514A139;2;297602.5
2514A143 2514A144;2514A018 2514A01901;2514A145 2514A139;2;297602.5
2514A143 2514A144;2514A030 2514A00501;2514A145 2514A139;2;297602.5
2514A143 2514A144;2514A145 2514A139;2514A029 2514A030;2;297602.5
2523A033 2523A034;2523A043 2523A034;2523A034 2523A032;2;297603.5
2442A067 2444A055;2444A056 2444A055;2444A055 2442A042;2;297604.5
2514A157 2514A125;2514A125 2514A122;2514A125 2514A124;2;297606.5
2531A008 2531A053;2531A052 2531A008;2531A008 2531A035;2;297611.5
2442A123 2442A064;2442A064 2442A007;2442A063 2442A064;2;297613.5
2514A065 2514A066;2514A065 2514A089;2514A064 2514A065;2;297613.5
2534A003 2534A018;2534A003 2534A020;2534A017 2534A003;2;297614.5
2514A057 2514A127;2514A128 2514A129;2514A057 2514A058;2;297618.5
2514A057 2514A127;2514A128 2514A129;2514A058 2514A129;2;297618.5
2514A128 2514A127;2514A128 2514A129;2514A127 2514A128;2;297618.5
2514A128 2514A129;2514A057 2514A058;2514A056 2514A057;2;297618.5
2531A063 2531A165;2531A165 2531A065;2531A165 2531A166;2;297622.5
2531A113 2531A139;2531A112 2531A110;2531A117 2531A112;2;297624.5
2442A174 2442A044;2442A173 2442A174;2442A174 2442A094;2;297626.5
2531A121 2442A132;2531A121 2531A120;2531A123 2531A121;2;297634.5
2514A088 2531A078;2531A078 2531A079;2513A099 2531A078;2;297637.5
2514A028 2514A147;2514A147 2514A095;2514A147 2514A166;2;297646.5
2534A013 2534A014;2534A014 2534A015;2534A014 2534A035;2;297646.5
2514A143 2514A144;2514A144 2514A145;2514A144 2514A145;2;297658.5
3512A007 3512A002;3512A006 3512A007;2534A004 2534A005;2;297659.5
2514A061 2514A077;2514A077 2514A078;2514A062 2514A077;2;297661.5
2531A154 2532A094;2531A010 2531A154;2531A154 2531A156;2;297665.5
2533A084 2533A087;2533A085 2534A040;2533A085 2533A084;2;297665.5
2533A085 2534A040;2533A039 2533A038;2533A085 2533A084;2;297665.5
2533A085 2534A040;2533A085 2533A084;2533A086 2533A088;2;297665.5
2533A085 2534A040;2533A086 2534A040;2533A085 2533A084;2;297665.5
2533A085 2534A040;2533A088 2533A084;2533A085 2533A084;2;297665.5
2444A051 2444A052;2442A067 2442A068;2444A051 2444A056;2;297670.5
2514A012 2514A013;2514A011 2514A058;2514A004 2514A011;2;297670.5
2514A004 2514A011;2514A010 2514A004;2514A058 2514A004;2;297673.5
2531A034 2531A005;2531A034 2531A097;2531A033 2531A034;2;297674.5
2532A010032532A107;2514A007022532A01001;2532A093 2532A010;2;297682.5
2514A038 2514A039;2514A037 2514A038;2532A011032523A043;2;297685.5
3512A015 3512A004;3511A073 3512A015;3512A016 3512A015;2;297685.5
2531A058 2531A059;2531A136 2531A059;2531A059 2531A060;2;297688.5
2442A067 2442A068;2442A058 2444A045;2442A068 2444A051;2;297700.5
2442A067 2442A068;2442A068 2444A051;2442A010 2442A058;2;297700.5
2442A067 2444A055;2442A067 2442A068;2442A068 2444A051;2;297700.5
2444A056 2444A055;2442A067 2442A068;2442A068 2444A051;2;297700.5
2523A042 2523A033;2514A092 2523A042;2523A042 2523A043;2;297700.5
2531A136 2531A088;2531A136 2531A059;2531A060 2531A136;2;297703.5
2514A129 2514A116;2514A128 2514A129;2514A058 2514A129;2;297710.5
2531A047 2531A048;2531A139 2531A112;2531A113 2531A139;2;297710.5
2531A139 2531A112;2442A009 2533A034;2531A113 2531A139;2;297710.5
2531A139 2531A112;2442A057 2442A009;2531A113 2531A139;2;297710.5
2531A139 2531A112;2531A045 2531A117;2531A113 2531A139;2;297710.5
2531A139 2531A112;2533A034 2531A110;2531A113 2531A139;2;297710.5
2514A123 2514A141;2514A122 2514A123;2514A124 2514A123;2;297715.5
2444A045 2444A046;2444A046 2444A009;2444A052 2444A045;2;297716.5
2531A153 2531A185;2531A185 2531A040;2531A185 2531A18405;2;297718.5
2514A011 2514A012;2514A011 2514A058;2514A004 2514A011;2;297724.5
2533A106 2533A023;2533A023 2533A024;2533A023 2533A066;2;297724.5
2534A034 2534A038;2534A033 2534A034;2534A039 2534A034;2;297724.5
2533A065 2533A024;2533A024 2533A025;2533A023 2533A024;2;297730.5
2513A087 2513A099;2513A088 2513A107;2513A107 2531A079;2;297731.5
2513A100 2513A060;2531A011 2513A100;2513A100 2513A030;2;297733.5
2531A047 2531A048;2531A048 2442A057;2531A115 2531A113;2;297733.5
2531A110 2531A109;2531A108 2531A109;2531A109 2533A027;2;297733.5
2442A047 2442A048;2442A048 2442A131;2442A049 2442A010;2;297736.5
2531A139 2531A112;2531A112 2531A110;2531A117 2531A112;2;297740.5
2514A142 2514A026;2514A141 2514A142;2514A142 2514A143;2;297741.5
2531A048 2531A115;2442A057 2531A113;2531A115 2531A113;2;297742.5
2531A048 2531A115;2531A045 2531A117;2531A115 2531A113;2;297742.5
2531A048 2531A115;2531A047 2531A048;2531A115 2531A113;2;297742.5
2531A048 2531A115;2531A048 2442A057;2531A115 2531A113;2;297742.5
2514A077 2514A078;2514A078 2514A079;2514A074 2514A078;2;297745.5
2531A021 2531A086;2531A021 2531A022;2531A020 2531A021;2;297748.5
2512A095 2512A091;2514A093 2514A094;2514A026 2514A101;2;297750.5
2514A093 2514A101;2514A093 2512A091;2514A093 2514A094;2;297750.5
2513A102 2513A103;2513A093 2513A102;2513A102 2513A085;2;297751.5
2534A039 2534A038;2534A040 2534A039;2534A039 2534A034;2;297753.5
2531A012 2531A131;2531A011 2531A012;2531A012 2513A084;2;297754.5
2531A047 2531A048;2531A047 2531A120;2531A046 2531A047;2;297754.5
2532A062 2532A035;2532A034 2532A035;2532A035 2532A036;2;297754.5
2531A062 2531A063;2531A063 2531A165;2531A063 2531A166;2;297757.5
2531A163 2531A182;2531A088 2531A090;2531A163 2533A074;2;297759.5
2531A163 2531A182;2531A090 2531A094;2531A163 2533A074;2;297759.5
2531A163 2531A182;2531A094 2531A182;2531A163 2533A074;2;297759.5
2531A163 2531A182;2531A163 2533A074;2533A075 2533A078;2;297759.5
2531A163 2531A182;2533A073 2533A075;2531A163 2533A074;2;297759.5
2531A182 2531A014;2531A163 2531A182;2531A163 2533A074;2;297759.5
2533A105 3511A086;2533A021 2533A105;2533A104 2533A105;2;297760.5
2444A051 2444A052;2444A052 2444A007;2444A052 2444A045;2;297762.5
2514A009 2514A001;2514A001 2514A060;2514A008 2514A001;2;297762.5
2514A065 2514A066;2514A066 2514A081;2514A010 2514A066;2;297763.5
2531A150032531A173;2531A023 2531A15001;2531A164032531A15002;2;297766.5
3511A035 3511A036;3511A036 3511A067;3511A036 3511A006;2;297766.5
2442A009 2442A010;2442A049 2442A010;2442A048 2442A049;2;297769.5
2442A049 2442A010;2442A048 2442A049;2442A010 2442A058;2;297769.5
2442A058 2444A045;2442A049 2442A010;2442A048 2442A049;2;297769.5
2533A065 2533A064;2533A063 2533A064;2533A064 2533A063;2;297769.5
2534A045 2534A013;2534A013 2534A014;2534A012 2534A013;2;297769.5
2514A145 2514A139;2514A144 2514A145;2514A144 2514A145;2;297770.5
2514A012 2514A013;2514A056 2514A057;2514A011 2514A012;2;297772.5
2514A014 2514A126;2514A012 2514A013;2514A011 2514A012;2;297772.5
2531A007 2533A106;2533A106 2533A074;2533A106 2533A023;2;297778.5
2444A056 2444A055;2444A022 2444A056;2444A051 2444A056;2;297780.5
2532A072 2532A097;2532A097 2532A064;2532A076042532A097;2;297780.5
2523A001 2523A015;2523A015 2524A001;2523A050 2524A001;2;297784.5
2514A028 2514A029;2514A029 2514A166;2514A029 2514A030;2;297790.5
2442A047 2442A048;2442A048 2442A131;2442A048 2442A049;2;297793.5
2531A008 2531A053;2531A035 2531A084;2531A054 2531A055;2;297793.5
2531A053 2531A084;2531A035 2531A084;2531A084 2531A054;2;297793.5
2444A051 2444A052;2442A068 2444A051;2444A051 2444A056;2;297796.5
2531A062 2531A063;2531A062 2513A096;2513A090 2531A062;2;297796.5
3511A088 3511A010;3511A088 3512A004;3511A032 3511A088;2;297796.5
2531A184062531A100;2531A185 2531A18405;2531A183022531A18401;2;297799.5
2514A129 2514A116;2514A052 2514A116;2514A115 2514A116;2;297802.5
2533A001022533A11601;2533A116022533A11701;2533A116032533A012;2;297808.5
2534A027 2534A008;2534A027 2534A026;2534A027 2534A055;2;297809.5
2533A114 2533A103;2533A103 2533A104;2533A103 2533A020;2;297811.5
2514A056 2514A126;2514A056 2514A057;2514A055 2514A056;2;297814.5
2531A048 2531A115;2531A047 2531A048;2531A048 2442A057;2;297817.5
2533A003 2533A035;2533A035 2533A10802;2533A035 2533A058;2;297818.5
2533A005 2533A107;2533A107 2533A10801;2533A028 2533A107;2;297818.5
2533A012 2533A004;2533A004 2533A11707;2533A004 2533A109;2;297818.5
2531A014 2533A078;2533A075 2533A078;2533A078 2533A079;2;297819.5
2513A193 2513A029;2513A028 2513A029;2513A098 2513A029;2;297820.5
2514A010 2514A081;2514A010 2514A066;2514A010 2514A004;2;297820.5
2531A056 2531A057;2531A057 2531A058;2531A088 2531A057;2;297820.5
2531A104 2531A106;2531A103 2531A104;2531A134 2531A104;2;297820.5
2514A061 2514A077;2514A060 2514A061;2514A061 2514A062;2;297822.5
2514A157 2514A125;2514A157 2514A054;2514A156 2514A157;2;297822.5
2444A006 2444A037;2444A037 2444A030;2444A038 2444A037;2;297823.5
2444A029 2444A030;3422A077 2444A029;2444A010 2444A029;2;297823.5
2513A089 2513A090;2513A090 2513A104;2513A090 2531A062;2;297823.5
2514A016 2514A124;2514A124 2514A123;2514A125 2514A124;2;297823.5
2532A106 2532A107;2532A106 2532A109;2514A007082532A106;2;297823.5
3511A067 3511A040;3511A003 3511A040;3511A040023511A005;2;297823.5
2442A001 2442A036;2442A036 2442A005;2442A118 2442A036;2;297826.5
2442A021 2513A060;2513A100 2513A060;2513A030 2513A060;2;297826.5
2442A021 2513A060;2531A011 2442A021;2442A001 2442A021;2;297826.5
2442A036 2442A005;2442A005 2442A18105;2442A098 2442A005;2;297826.5
2442A047 2442A048;2442A046 2442A047;2442A047 2442A130;2;297826.5
2442A061 2442A063;2442A061 2442A118;2442A181062442A061;2;297826.5
2442A098 2442A094;2442A098 2442A042;2442A098 2442A005;2;297826.5
2442A098 2442A094;2442A174 2442A094;2442A092 2442A094;2;297826.5
2442A181 2442A184;2442A005 2442A18105;2442A181062442A061;2;297826.5
2444A004 3422A098;2444A005 3422A098;3422A035 3422A098;2;297826.5
2444A004 3422A098;2444A022 2444A004;2444A005 2444A004;2;297826.5
2444A022 2444A056;2444A022 2444A004;2444A022 2444A007;2;297826.5
2444A029 2444A030;2444A030 3422A035;2444A037 2444A030;2;297826.5
2444A030 3422A035;3422A035 3422A077;3422A035 3422A098;2;297826.5
2444A031 3422A045;3422A045 3422A046;2444A074 3422A045;2;297826.5
2444A055 2442A042;2442A173 2442A042;2442A098 2442A042;2;297826.5
2512A095 2512A091;2523A014 2512A095;2514A096 2512A095;2;297826.5
2513A007 2513A103;2513A007 2513A192;2513A085 2513A007;2;297826.5
2513A007 2513A103;2513A102 2513A103;2513A030 2513A103;2;297826.5
2513A028 2513A026;2513A026 2513A113;2513A192 2513A026;2;297826.5
2513A028 2513A026;2513A028 2513A113;2513A028 2513A029;2;297826.5
2513A028 2513A113;2513A081 2513A113;2513A026 2513A113;2;297826.5
2513A081 2513A113;2513A081 2513A150;2513A086 2513A081;2;297826.5
2513A081 2513A113;2513A192 2513A026;2513A028 2513A029;2;297826.5
2513A081 2513A150;2513A105 2513A150;2513A150 2514A179;2;297826.5
2513A087 2513A099;2514A088 2513A099;2513A099 2531A078;2;297826.5
2513A105 2513A150;2514A070 2513A105;2513A086 2513A105;2;297826.5
2514A025 2514A102;2514A025 2514A026;2514A025 2514A049;2;297826.5
2514A027022514A143;2514A143 2514A144;2514A142 2514A143;2;297826.5
2514A028 2514A147;2514A028 2514A029;2514A027032514A028;2;297826.5
2514A031 2523A014;2523A015 2523A014;2523A014 2512A095;2;297826.5
2514A051 2514A049;2514A025 2514A049;2514A152 2514A049;2;297826.5
2514A051 2514A049;2514A052 2514A051;2514A051 2514A115;2;297826.5
2514A051 2514A049;2514A158 2514A152;2514A158 2514A05303;2;297826.5
2514A057 2514A127;2514A057 2514A058;2514A056 2514A057;2;297826.5
2514A057 2514A127;2514A128 2514A127;2514A127 2514A128;2;297826.5
2514A079 2514A089;2514A065 2514A089;2514A089 2514A115;2;297826.5
2514A079 2514A090;2514A090 2514A179;2514A070 2514A090;2;297826.5
2514A090 2514A179;2513A150 2514A179;2514A070 2514A179;2;297826.5
2514A101 2512A091;2514A093 2512A091;2512A095 2512A091;2;297826.5
2514A101 2512A091;2514A093 2514A101;2514A026 2514A101;2;297826.5
2514A115 2514A116;2514A089 2514A115;2514A051 2514A115;2;297826.5
2514A121 2514A102;2514A156 2514A121;2514A121 2514A152;2;297826.5
2514A156 2514A121;2514A102 2514A156;2514A156 2514A157;2;297826.5
2514A158 2514A05303;2514A121 2514A152;2514A152 2514A049;2;297826.5
2514A158 2514A152;2514A121 2514A152;2514A152 2514A049;2;297826.5
2514A158 2514A152;2514A158 2514A05303;2514A052 2514A05301;2;297826.5
2514A158 2514A152;2514A158 2514A05303;2514A053022514A054;2;297826.5
2514A158 2514A152;2514A158 2514A05303;2514A157 2514A054;2;297826.5
2531A017 2531A098;2531A098 2513A089;2531A037 2531A098;2;297826.5
2531A053 2531A054;2531A084 2531A054;2531A054 2531A055;2;297826.5
2531A053 2531A084;2531A008 2531A053;2531A053 2531A054;2;297826.5
2531A055 2531A085;2531A055 2531A056;2531A054 2531A055;2;297826.5
2533A033 3511A001;3511A001 3511A047;3511A001 3511A013;2;297826.5
2533A034 2531A110;2442A009 2533A034;2533A003 2533A034;2;297826.5
2533A105 3511A086;3511A038 3511A086;3511A086 3511A032;2;297826.5
3422A077 2444A029;3422A035 3422A077;3422A077 3422A046;2;297826.5
3422A077 3422A046;3422A045 3422A046;3511A047 3422A046;2;297826.5
3511A005 3511A021;3511A040023511A005;3511A012 3511A005;2;297826.5
3511A011 3511A033;3511A038 3511A033;3511A033 3511A048;2;297826.5
3511A012 3511A047;3511A001 3511A047;3511A047 3422A046;2;297826.5
3511A012 3511A047;3511A013 3511A012;3511A012 3511A005;2;297826.5
3511A021 3511A022;3511A006 3511A037;3511A005 3511A021;2;297826.5
3511A021 3511A022;3511A040023511A005;3511A012 3511A005;2;297826.5
3511A088 3511A010;3511A010 3512A013;2533A009 3511A010;2;297826.5
3512A012 3512A016;3512A017 3512A016;3512A016 3512A015;2;297826.5
