1;city;1224A252;7449
2;city;1224A225;1440
3;city;1224A224;784
4;city;1224A226;144
5;city;1224A164;108
6;city;1224A163;87
7;city;0244A039;28
8;node;0244A038;0
9;node;0244A100;0
10;city;0244A099;5
11;node;0244A116;0
12;node;0244A040;0
13;node;0244A041;0
14;node;0243A088;0
15;node;2312A018;0
16;node;2312A019;0
17;node;2312A148;0
18;node;2312A020;0
19;node;2312A004;0
20;node;2312A026;0
21;node;2312A147;0
22;node;2312A027;0
23;city;2312A010;52
24;city;2311A015;56
25;node;1343A083;0
26;node;1343A023;0
27;node;2312A028;0
28;node;2312A022;0
29;node;2312A176;0
30;node;2312A021;0
31;node;2312A005;0
32;city;1334A094;1
33;city;1334A162;54
34;node;1334A092;0
35;city;1334A091;44
36;node;1343A152;0
37;node;1343A154;0
38;city;1343A084;40
39;node;1343A151;0
40;node;1343A159;0
41;node;1343A025;0
42;node;1343A026;0
43;node;1242A008;0
44;node;1242A070;0
45;node;1224A260;0
46;city;1313A022;209
47;node;2312A177;0
48;node;1212A127;0
49;node;1212A131;0
50;node;1212A125;0
51;node;1212A126;0
52;city;1212A130;106
53;city;1223A188;114
54;city;1223A184;6
55;city;1223A187;390
56;city;1223A183;12
57;city;1223A257;102
58;city;1223A186;162
59;city;1223A185;1782
60;city;1223A176;6
61;node;1223A192;0
62;city;1223A189;6
63;city;1223A091;92
64;city;1223A248;88
65;city;1223A191;16
66;city;1223A190;714
67;city;1241A081;148
68;node;1221A215;0
69;node;1221A131;0
70;node;1221A135;0
71;node;1221A219;0
72;node;1221A221;0
73;node;1221A021;0
74;node;1221A024;0
75;node;1221A022;0
76;node;1221A023;0
77;node;1221A149;0
78;node;1221A150;0
79;node;1221A017;0
80;node;1221A018;0
81;node;1221A019;0
82;node;1221A027;0
83;node;1221A146;0
84;city;1223A274;60
85;city;1223A020;320
86;node;1221A109;0
87;node;1221A110;0
88;city;1221A111;86
89;city;1221A107;103
90;node;1222A140;0
91;node;0244A127;0
92;node;0244A037;0
93;node;0244A097;0
94;node;0244A122;0
95;node;0244A120;0
96;node;0244A083;0
97;city;0244A084;1
98;node;0244A119;0
99;node;0244A118;0
100;node;0244A126;0
101;node;1212A006;0
102;node;1212A061;0
103;node;1212A054;0
104;node;1212A053;0
105;city;1223A266;11
106;city;1223A139;15
107;node;1223A275;0
108;city;1223A276;4
109;node;1212A095;0
110;node;1212A089;0
111;node;1212A090;0
112;node;1212A041;0
113;node;1212A040;0
114;node;1212A191;0
115;node;1212A039;0
116;node;1212A094;0
117;node;1212A052;0
118;node;1212A097;0
119;city;1212A038;6
120;node;1212A182;0
121;node;1212A055;0
122;node;1221A129;0
123;node;1212A091;0
124;node;1212A101;0
125;node;1212A103;0
126;city;1223A174;216
127;city;1223A280;294
128;city;1313A207;112
129;city;1313A183;420
130;city;1313A184;4
131;city;1223A054;213
132;city;1223A135;261
133;city;1223A136;63
134;city;1223A137;492
135;city;1223A138;354
136;city;1223A053;138
137;city;1223A165;9
138;city;1223A015;60
139;city;1241A002;219
140;city;1241A227;448
141;city;1241A244;12
142;city;1241A225;159
143;city;1241A226;106
144;city;1241A222;648
145;city;1241A223;78
146;city;1241A236;80
147;node;1241A237;0
148;city;1241A011;71
149;city;1241A220;192
150;city;1241A221;948
151;city;1241A217;44
152;city;1241A032;306
153;city;1241A012;80
154;city;1241A031;436
155;city;1223A260;8
156;city;1241A030;1908
157;city;1212A092;72
158;node;1212A030;0
159;node;1212A110;0
160;city;1242A173;366
161;city;1242A053;20
162;city;1242A054;468
163;city;1242A055;784
164;city;1331A182;346
165;city;1331A191;974
166;city;1331A161;296
167;city;1331A042;584
168;city;1331A008;537
169;city;1332A184;166
170;city;1332A186;142
171;city;1332A201;250
172;city;1332A191;10
173;node;1332A179;0
174;city;1332A178;124
175;node;1332A204;0
176;city;1332A205;527
177;city;1332A187;187
178;city;1331A033;141
179;city;1331A034;14
180;city;1331A144;235
181;node;1212A167;0
182;node;1212A119;0
183;node;1211A063;0
184;node;1211A065;0
185;node;1211A064;0
186;node;1213A052;0
187;node;1213A062;0
188;city;1213A051;6
189;node;1213A053;0
190;city;1242A014;84
191;node;1224A264;0
192;node;1224A016;0
193;city;1331A090;186
194;city;1331A091;345
195;node;1331A085;0
196;city;1331A088;249
197;city;1331A014;1152
198;city;1331A092;96
199;city;1331A037;3
200;city;1331A120;267
201;city;1331A038;3
202;city;1331A086;294
203;city;1331A121;162
204;city;1331A115;6
205;city;1331A039;312
206;city;1331A040;2
207;city;1331A116;164
208;city;1331A119;88
209;city;1331A118;231
210;city;1331A084;247
211;city;1223A090;202
212;city;1241A034;208
213;city;1223A092;170
214;city;1223A093;753
215;city;1223A193;87
216;city;1241A035;160
217;city;1241A216;33
218;city;1242A147;795
219;city;1242A148;951
220;city;1242A132;717
221;city;1242A182;2308
222;city;1224A290;48
223;city;1224A078;582
224;city;1241A033;1050
225;city;1243A020;1050
226;city;1242A027;53
227;city;1242A127;402
228;city;1242A082;587
229;city;1223A261;27
230;node;1223A013;0
231;city;1241A184;48
232;city;1241A183;39
233;node;1242A009;0
234;city;1242A247;22
235;node;1224A101;0
236;node;1224A143;0
237;city;1224A070;9
238;city;1224A263;585
239;node;1224A262;0
240;node;1242A010;0
241;node;1242A096;0
242;node;1224A233;0
243;node;1242A100;0
244;node;1242A099;0
245;city;1242A017;33
246;city;1242A219;6
247;city;1242A083;648
248;city;1332A037;8225
249;city;1332A229;631
250;node;1332A097;0
251;city;1332A098;840
252;city;1332A002;3521
253;city;1332A117;151
254;city;1332A118;1224
255;city;1332A167;296
256;city;1332A135;184
257;city;1334A035;228
258;node;1334A034;0
259;city;1334A113;150
260;city;1334A033;45
261;city;1334A107;186
262;city;1334A109;88
263;city;1334A106;196
264;city;1334A108;104
265;node;1224A024;0
266;node;1224A007;0
267;city;1224A073;543
268;city;1224A223;6
269;city;1224A219;60
270;city;1224A253;570
271;city;1224A222;173
272;city;1224A218;27
273;city;1223A130;867
274;city;1223A111;654
275;city;1223A110;186
276;city;1224A075;499
277;city;1223A131;831
278;city;1223A155;42
279;city;1223A154;36
280;city;1223A152;387
281;city;1223A109;381
282;city;1223A140;300
283;city;1223A141;816
284;city;1223A145;20
285;node;1223A144;0
286;node;1223A142;0
287;city;1223A143;191
288;city;1223A147;66
289;city;1223A149;96
290;city;1223A148;72
291;city;1223A150;10
292;city;1223A153;12
293;city;1223A163;279
294;city;1223A132;390
295;city;1223A156;4
296;city;1223A151;166
297;city;1223A157;165
298;city;1223A133;330
299;city;1224A001;75
300;city;1224A079;459
301;city;1224A076;816
302;city;1224A217;420
303;city;1224A221;1616
304;city;1224A220;1448
305;city;1223A037;1005
306;city;1223A036;372
307;city;1223A194;252
308;city;1223A247;237
309;city;1223A182;918
310;city;1241A028;312
311;city;1241A038;379
312;city;1241A037;318
313;city;1241A088;180
314;city;1241A044;189
315;city;1241A191;10
316;city;1241A043;465
317;city;1241A045;54
318;city;1241A046;177
319;city;1241A182;6
320;city;1241A047;90
321;city;1241A048;56
322;city;1241A049;1206
323;city;1241A188;596
324;city;1241A232;415
325;city;1241A063;2440
326;city;1241A004;609
327;city;1241A075;544
328;city;1241A005;1325
329;city;1241A062;1050
330;city;1243A017;215
331;city;1311A013;375
332;city;1311A022;9
333;city;1313A044;14
334;city;1331A016;128
335;city;1314A043;939
336;city;1314A044;303
337;city;1314A095;48
338;city;1331A072;134
339;city;1331A107;96
340;node;1331A108;0
341;city;1331A111;153
342;city;1331A109;59
343;city;1332A173;289
344;city;1313A115;172
345;city;1313A116;58
346;city;1313A147;26
347;node;1313A119;0
348;city;1313A117;144
349;city;1332A032;262
350;city;1332A031;51
351;city;1334A053;30
352;city;1332A131;68
353;city;1334A153;116
354;node;1334A154;0
355;city;1332A114;22
356;city;1332A115;160
357;city;1334A152;40
358;city;1332A130;24
359;city;1332A129;70
360;city;1332A082;237
361;city;1332A132;162
362;city;1332A084;24
363;node;1332A006;0
364;city;1332A083;819
365;city;1332A171;120
366;node;1332A085;0
367;city;2212A027;21
368;city;2212A079;134
369;city;1223A048;81
370;node;1223A010;0
371;city;1332A150;150
372;city;1332A139;890
373;city;1332A137;100
374;city;1332A149;5
375;city;1332A140;3
376;city;1341A022;114
377;city;1341A021;171
378;city;1341A124;654
379;city;1341A024;57
380;city;1341A023;99
381;city;1341A123;69
382;city;1341A118;27
383;city;1341A043;24
384;city;1341A042;160
385;city;1341A044;292
386;city;1341A045;98
387;city;1343A063;410
388;city;1343A093;304
389;city;1343A099;243
390;city;1343A092;348
391;city;1343A089;243
392;city;1343A091;69
393;city;1343A088;29
394;city;1334A110;78
395;city;1334A039;24
396;city;1334A040;29
397;city;1334A022;7
398;city;1334A114;13
399;city;1334A021;161
400;city;1334A004;132
401;city;1334A041;11
402;city;1334A005;2
403;city;1334A036;13
404;city;1334A011;40
405;city;1334A024;293
406;city;1334A059;26
407;city;1334A060;146
408;city;1334A144;6
409;city;1334A001;16
410;city;1334A148;86
411;city;1333A056;115
412;city;1221A199;3
413;city;1221A037;30
414;city;1221A236;275
415;city;1221A008;2705
416;city;1221A039;4320
417;city;1221A239;310
418;city;1222A099;351
419;city;1222A101;738
420;city;1222A102;36
421;city;0244A006;38
422;city;0244A020;178
423;city;1222A095;216
424;city;1222A094;2
425;city;1222A093;86
426;city;1222A004;936
427;city;1222A011;42
428;city;1222A060;6559
429;city;1243A115;36
430;city;1243A116;14
431;city;1243A114;1959
432;city;1313A185;20
433;city;1313A186;162
434;city;1313A189;261
435;city;1313A188;39
436;city;1242A233;150
437;city;1242A248;489
438;city;1242A167;199
439;city;1242A168;68
440;city;1331A077;230
441;city;1331A017;104
442;city;1331A180;88
443;city;1331A184;492
444;city;1331A179;618
445;city;1242A058;84
446;city;1331A011;321
447;city;1331A049;115
448;city;1331A044;1330
449;city;1331A043;708
450;city;1331A177;682
451;city;1331A010;978
452;city;1331A059;156
453;city;1331A007;23
454;city;1331A162;69
455;city;1331A012;4629
456;city;1331A013;2985
457;city;1242A042;195
458;city;1242A136;240
459;city;1242A041;72
460;city;1242A216;105
461;node;1242A217;0
462;node;1242A198;0
463;city;1242A149;369
464;city;0334A079;107
465;city;0334A080;272
466;city;1314A037;74
467;city;1314A100;118
468;city;1314A036;553
469;city;1313A095;102
470;city;1313A094;370
471;city;1314A072;196
472;city;1314A073;488
473;city;1314A074;80
474;city;1314A075;31
475;city;1313A128;206
476;city;1313A129;108
477;city;1313A130;104
478;city;1331A073;54
479;city;1331A071;146
480;city;1331A070;16
481;city;1331A089;70
482;city;1314A179;6
483;node;1314A180;0
484;city;1314A181;2
485;city;1314A105;237
486;city;1314A182;8
487;city;1314A084;21
488;city;1331A063;334
489;city;1333A113;30
490;city;1334A138;144
491;city;1334A140;65
492;city;1334A069;289
493;city;1334A070;104
494;city;1334A079;2
495;city;1334A142;31
496;city;1334A129;111
497;city;1334A130;23
498;city;1334A170;66
499;city;1334A111;58
500;node;1343A085;0
501;city;1343A086;31
502;city;1334A044;66
503;city;1334A105;21
504;city;1341A202;27
505;city;1242A031;834
506;city;1242A172;308
507;city;1242A171;874
508;city;1242A048;1696
509;city;1242A047;540
510;city;1242A178;656
511;city;1242A005;608
512;city;1242A044;110
513;city;1242A046;576
514;city;1242A102;750
515;city;1242A045;326
516;city;1242A191;40
517;city;1244A007;1012
518;city;1244A002;264
519;city;1242A187;154
520;city;1242A188;200
521;city;1244A145;1435
522;city;1244A144;273
523;city;1244A037;964
524;city;1242A192;623
525;city;1244A001;1025
526;city;1244A019;17
527;city;1244A070;734
528;city;1244A069;115
529;city;1244A071;91
530;city;1244A072;468
531;city;1244A073;142
532;city;1244A017;41
533;city;1244A146;540
534;city;1242A104;920
535;city;1242A028;852
536;city;1242A128;499
537;city;1242A026;383
538;city;1242A211;36
539;city;1242A029;268
540;city;1242A180;104
541;city;1242A036;70
542;city;1242A181;403
543;city;1242A155;321
544;city;1242A060;214
545;city;1242A059;1691
546;city;1242A154;485
547;city;1242A220;118
548;city;1242A032;1191
549;city;1242A001;1110
550;city;1242A020;48
551;city;1242A241;334
552;city;1242A243;108
553;city;1242A030;192
554;city;1242A183;858
555;city;1242A179;570
556;city;1242A184;943
557;city;1242A222;232
558;city;1242A221;204
559;city;1242A156;210
560;city;1242A215;6
561;city;1243A125;381
562;city;1243A126;463
563;city;1242A194;574
564;city;1243A112;803
565;city;1243A019;39
566;city;1241A052;139
567;city;1242A227;4800
568;city;1242A022;200
569;city;1242A195;534
570;city;1241A233;1063
571;city;1241A243;1317
572;city;1241A234;2138
573;city;1243A117;160
574;city;1243A119;185
575;city;1241A224;363
576;city;1241A218;399
577;city;1241A001;639
578;city;1241A219;244
579;city;1241A039;60
580;city;1241A040;96
581;city;1241A041;126
582;city;1241A042;197
583;city;1241A190;250
584;city;1241A009;513
585;city;1242A223;735
586;city;1223A162;141
587;city;1242A007;1038
588;city;1332A069;96
589;city;1332A203;177
590;city;1332A175;8
591;city;1332A202;28
592;city;1332A070;204
593;city;1332A071;273
594;city;1332A089;234
595;city;1332A005;102
596;city;1332A088;96
597;city;1332A073;134
598;city;1332A074;122
599;node;1312A049;0
600;city;1312A048;159
601;city;1312A125;21
602;city;1323A009;188
603;city;1323A063;6
604;city;1323A140;12
605;city;1323A062;14
606;node;1314A010;0
607;city;1314A016;278
608;node;1314A029;0
609;node;1314A028;0
610;city;1313A032;266
611;city;1313A033;90
612;city;1313A192;68
613;city;1313A111;234
614;city;1314A055;206
615;city;1314A154;267
616;city;1313A007;132
617;city;1313A112;89
618;city;1313A084;432
619;city;1313A034;804
620;city;1313A002;432
621;city;1313A048;420
622;city;1313A047;468
623;city;1313A045;106
624;city;1313A181;180
625;city;1224A095;213
626;city;1224A094;504
627;city;1224A181;237
628;node;1224A173;0
629;city;1313A176;498
630;city;1224A172;129
631;city;1224A175;561
632;city;1224A176;69
633;node;1224A171;0
634;city;1341A003;40
635;city;1341A005;2285
636;city;1341A026;62
637;city;2212A039;378
638;city;2212A038;210
639;city;2214A017;232
640;city;2214A016;126
641;city;2214A015;114
642;city;2214A084;26
643;city;2214A119;88
644;city;1242A081;260
645;city;1242A049;1098
646;city;1242A177;648
647;city;1242A050;404
648;city;1242A063;370
649;city;1242A064;476
650;city;1242A051;168
651;city;1242A002;524
652;city;1242A062;178
653;city;1242A052;138
654;city;1242A175;110
655;city;1242A170;244
656;city;1242A160;4
657;node;1333A047;0
658;node;1333A048;0
659;city;2311A039;232
660;city;2312A171;202
661;node;2311A001;0
662;city;2312A055;160
663;city;2312A089;61
664;city;2312A090;82
665;node;0333A166;0
666;city;0333A007;192
667;city;0333A059;15
668;city;0333A164;3
669;city;0333A057;219
670;city;0333A058;210
671;city;0333A097;3
672;city;0333A004;152
673;city;0333A048;195
674;city;0333A098;282
675;city;0333A121;3
676;city;1313A087;2202
677;city;1313A161;625
678;city;1312A108;138
679;node;1312A109;0
680;city;1314A019;19
681;city;1313A156;200
682;city;1313A160;66
683;city;1314A096;348
684;city;1314A101;990
685;city;1314A098;552
686;city;1314A097;447
687;city;1314A093;378
688;city;1331A117;157
689;city;1331A106;2
690;node;1331A074;0
691;city;1341A038;592
692;city;1341A039;354
693;city;1341A001;548
694;city;1341A002;126
695;city;1313A138;134
696;city;1313A139;2
697;city;1314A113;182
698;city;1314A114;112
699;city;1314A115;318
700;city;1331A055;221
701;city;1331A054;1
702;city;1331A032;33
703;city;1224A270;14
704;city;1224A269;11
705;city;1224A214;248
706;city;1224A062;9
707;city;1224A060;249
708;city;1224A278;1933
709;city;1224A291;172
710;city;1224A158;24
711;city;1224A159;254
712;city;1224A209;393
713;city;1224A157;547
714;city;1224A211;1018
715;city;1224A066;57
716;city;1224A199;21
717;city;1222A118;205
718;city;1224A085;594
719;city;1313A206;306
720;city;1313A057;426
721;city;0331A059;24
722;city;0331A060;5
723;city;0331A061;17
724;city;0331A072;32
725;city;0332A256;130
726;city;0331A073;5
727;city;0331A058;4
728;city;1311A007;1309
729;city;1311A027;42
730;node;0333A082;0
731;city;0333A081;166
732;city;1314A050;210
733;city;1314A082;140
734;city;1312A143;168
735;city;1312A115;1234
736;city;1312A131;84
737;city;1312A100;20
738;city;1312A116;70
739;city;1312A099;102
740;city;1312A037;20
741;city;1312A005;88
742;city;1312A038;326
743;node;1312A047;0
744;node;1312A039;0
745;city;1312A118;58
746;city;1313A194;218
747;city;1332A185;42
748;city;1331A143;537
749;city;1331A137;504
750;city;1331A002;741
751;city;1331A131;139
752;city;1331A132;133
753;city;1331A060;176
754;city;1331A061;132
755;city;1331A005;436
756;city;1331A133;19
757;node;1331A082;0
758;city;1331A134;17
759;city;1331A135;1
760;city;1331A138;4
761;city;1331A083;68
762;city;1331A062;755
763;city;1331A141;471
764;city;1331A139;461
765;city;1331A140;38
766;city;1331A136;7
767;city;1331A113;148
768;city;1331A114;66
769;city;1331A030;142
770;city;1331A031;11
771;node;1331A145;0
772;city;1331A146;209
773;city;1222A136;128
774;city;1222A137;243
775;city;1222A149;310
776;city;1222A150;132
777;city;1222A151;180
778;city;1224A089;48
779;city;1222A135;714
780;city;1224A090;12
781;city;1222A139;314
782;city;1222A138;276
783;city;1222A170;210
784;city;1222A171;232
785;city;1224A160;250
786;city;1224A210;30
787;node;1222A040;0
788;city;1222A165;80
789;city;1222A045;264
790;city;1222A046;1592
791;city;1222A109;1504
792;city;1222A154;1880
793;city;1222A047;68
794;city;1222A111;285
795;city;1222A122;88
796;city;1222A123;146
797;city;1222A156;296
798;city;1224A215;128
799;city;1224A204;258
800;city;1222A119;73
801;city;1224A086;620
802;city;1224A087;528
803;city;1224A197;669
804;node;1224A088;0
805;city;1224A162;179
806;city;1222A116;54
807;city;1222A016;24
808;node;1224A071;0
809;city;1224A198;684
810;city;1224A084;24
811;node;1224A004;0
812;city;1224A069;60
813;city;1224A068;309
814;city;1224A067;165
815;city;1224A003;345
816;city;1224A083;984
817;city;1224A205;912
818;city;1224A193;888
819;city;1312A092;10
820;city;1312A146;274
821;city;1314A145;246
822;city;1312A098;62
823;city;1312A091;38
824;city;1314A058;328
825;city;1312A090;278
826;city;1314A060;124
827;city;1314A059;68
828;city;1314A126;312
829;city;1314A051;3
830;city;1314A062;1044
831;city;1314A015;3212
832;city;1312A040;270
833;node;1312A041;0
834;city;1312A042;40
835;city;1314A083;12
836;city;1314A127;409
837;city;1314A125;201
838;city;1332A165;42
839;city;1332A009;3752
840;city;1314A067;2541
841;city;1332A106;5369
842;city;1332A043;1813
843;city;1314A109;1190
844;city;1323A015;232
845;city;1323A014;98
846;node;1323A070;0
847;city;1323A016;166
848;city;1323A071;4
849;city;1323A017;18
850;city;1334A099;77
851;city;1334A100;138
852;city;1334A096;36
853;city;1334A098;28
854;city;1334A095;39
855;city;1334A118;28
856;city;1334A017;10
857;city;1334A016;36
858;city;1334A121;15
859;city;1334A007;58
860;city;1334A018;32
861;city;1334A116;8
862;city;1334A019;82
863;city;1334A117;27
864;city;1334A097;37
865;city;1334A104;1411
866;city;1332A103;12
867;city;1334A063;44
868;city;1331A067;142
869;node;1331A068;0
870;city;1331A101;60
871;node;1331A066;0
872;city;1331A102;84
873;city;1331A065;68
874;city;1331A064;278
875;city;1331A104;58
876;city;1331A105;4
877;city;1333A112;10
878;city;1333A118;118
879;city;1333A119;226
880;city;1333A055;16
881;city;1333A054;97
882;city;1224A165;135
883;city;1224A228;6
884;city;1224A201;81
885;city;1224A200;102
886;node;1224A190;0
887;city;1224A191;80
888;city;1224A092;885
889;node;1224A091;0
890;city;1224A189;537
891;city;1224A188;354
892;city;1224A187;321
893;city;1224A186;192
894;city;1224A180;219
895;city;1224A178;570
896;node;1224A166;0
897;city;1313A059;1530
898;city;1313A014;1155
899;city;1313A017;975
900;city;1313A018;2310
901;city;1313A023;6644
902;city;1224A093;239
903;city;1224A167;54
904;city;1313A062;357
905;city;1313A053;72
906;city;1313A058;21
907;node;1313A174;0
908;city;1313A175;1593
909;city;1313A024;336
910;city;1313A011;18
911;city;1313A106;8
912;city;1313A051;1296
913;city;1313A050;1938
914;city;1313A177;954
915;city;1313A026;388
916;city;1313A027;852
917;city;1313A064;1338
918;city;1313A065;1516
919;city;1313A066;725
920;city;1313A168;618
921;city;1313A060;6268
922;city;1313A104;785
923;node;1313A067;0
924;city;1313A010;68
925;city;1313A068;852
926;city;1313A069;318
927;city;1313A197;207
928;city;1313A169;348
929;city;1313A126;34
930;city;1313A028;236
931;node;1313A029;0
932;city;1313A167;3220
933;city;1313A127;200
934;city;1313A049;1263
935;city;1313A001;48
936;city;1313A135;59
937;city;1313A136;1644
938;city;1224A174;867
939;city;1331A153;148
940;city;1331A025;271
941;city;1331A024;402
942;city;1331A164;62
943;city;1331A167;4
944;city;1331A168;184
945;city;1331A169;401
946;city;1331A022;171
947;city;1331A021;156
948;city;1331A166;51
949;city;1331A171;201
950;city;1331A170;709
951;city;1331A026;739
952;city;1331A027;586
953;city;1331A189;296
954;city;1331A001;190
955;city;1331A052;376
956;city;1242A003;79
957;city;1242A004;37
958;city;1331A009;677
959;city;1331A181;370
960;city;1331A183;137
961;city;0334A181;18
962;city;1312A133;12
963;city;0334A182;54
964;city;0334A032;19
965;city;0334A177;96
966;city;0334A005;200
967;city;0334A010;92
968;city;1312A052;87
969;node;1312A051;0
970;city;1312A050;116
971;node;1312A063;0
972;city;1312A138;211
973;city;1312A134;524
974;city;1312A036;294
975;city;1312A137;728
976;city;1312A035;118
977;city;1332A091;48
978;node;1332A092;0
979;node;1332A104;0
980;city;1332A225;2
981;city;1332A093;214
982;city;1332A166;274
983;city;1332A094;190
984;node;1332A095;0
985;node;1332A096;0
986;city;1313A141;176
987;city;1313A143;564
988;city;1313A140;288
989;city;1313A036;147
990;city;1331A078;178
991;city;1331A112;274
992;city;1331A190;574
993;city;1331A123;88
994;city;1331A122;210
995;node;1331A124;0
996;city;1331A148;310
997;node;1313A042;0
998;city;1331A080;258
999;city;1313A043;92
1000;city;1314A038;1218
1001;city;1314A103;181
1002;city;1314A108;534
1003;city;1332A001;88
1004;city;1334A014;1
1005;city;1334A122;42
1006;city;1334A013;51
1007;city;1334A015;46
1008;city;1334A120;174
1009;city;1334A102;27
1010;node;1334A103;0
1011;city;1334A101;42
1012;city;1334A119;90
1013;city;1334A115;31
1014;city;1334A002;784
1015;city;1334A082;2305
1016;city;1332A055;64
1017;city;1332A153;44
1018;city;1332A017;22
1019;city;1332A111;72
1020;city;1332A152;16
1021;node;1332A059;0
1022;city;1332A060;75
1023;city;1332A061;278
1024;city;1332A134;4
1025;city;1341A040;30
1026;city;1341A041;104
1027;city;1341A121;202
1028;city;1341A013;252
1029;city;2214A083;8
1030;city;1313A190;132
1031;city;1331A019;462
1032;city;1331A053;278
1033;city;1331A079;109
1034;city;1331A028;305
1035;city;1331A029;428
1036;city;1331A051;245
1037;city;1331A050;774
1038;city;1331A176;396
1039;city;1331A175;290
1040;city;1331A174;58
1041;city;1331A173;394
1042;city;1331A018;1486
1043;city;1242A144;426
1044;city;1242A140;114
1045;city;1242A040;105
1046;city;1242A163;147
1047;city;1242A162;30
1048;node;1242A039;0
1049;city;1242A038;6
1050;city;1242A037;6
1051;city;1242A141;99
1052;city;1242A142;96
1053;node;1242A218;0
1054;city;1242A138;540
1055;city;1333A182;66
1056;city;1331A046;163
1057;city;1331A045;198
1058;city;1331A006;113
1059;city;1331A048;201
1060;city;1331A047;322
1061;city;1242A174;154
1062;city;1242A093;12
1063;city;1242A057;122
1064;city;1242A035;150
1065;city;1242A238;440
1066;city;1242A161;10
1067;city;1242A153;345
1068;city;1242A236;28
1069;city;1242A152;640
1070;city;1242A150;72
1071;city;1242A143;171
1072;city;1242A176;378
1073;city;1242A235;40
1074;city;1242A021;440
1075;city;1242A159;110
1076;city;1242A158;238
1077;city;1242A061;2311
1078;city;1242A033;75
1079;city;1242A157;224
1080;city;1224A265;96
1081;city;1224A063;454
1082;city;1224A288;1
1083;node;1224A292;0
1084;city;1224A271;1032
1085;node;1224A272;0
1086;city;1224A257;18
1087;city;1224A256;3
1088;city;1224A273;150
1089;city;1224A274;39
1090;city;1224A275;6
1091;node;1224A258;0
1092;node;1224A259;0
1093;city;1224A276;36
1094;city;1313A198;1050
1095;city;1313A187;3
1096;node;1313A199;0
1097;node;1313A196;0
1098;node;1242A224;0
1099;city;1224A216;99
1100;node;1331A187;0
1101;city;1331A020;84
1102;node;1331A185;0
1103;city;1331A186;3
1104;city;1313A103;9
1105;city;1242A145;96
1106;city;1313A171;1207
1107;city;1224A285;2840
1108;city;1313A202;101
1109;city;1313A110;152
1110;city;1311A097;402
1111;city;1311A098;126
1112;city;1311A096;495
1113;city;0332A270;43
1114;city;0332A254;6
1115;city;0332A253;102
1116;city;0332A252;116
1117;city;0331A057;38
1118;city;0331A082;80
1119;city;0331A012;65
1120;city;0331A011;80
1121;city;0333A079;117
1122;city;0334A165;406
1123;city;0333A078;788
1124;city;0333A013;1071
1125;city;0333A009;2976
1126;city;0334A013;292
1127;city;0333A003;2427
1128;city;0333A037;864
1129;city;0333A163;246
1130;node;0333A165;0
1131;city;0333A035;18
1132;city;0333A036;633
1133;city;0333A064;86
1134;city;0333A065;607
1135;city;0333A142;22
1136;city;0333A143;60
1137;city;0333A074;95
1138;city;0333A076;27
1139;city;0333A075;327
1140;city;0333A077;378
1141;city;0333A108;384
1142;city;0333A147;143
1143;city;0333A148;8
1144;city;0333A073;98
1145;node;0333A072;0
1146;city;0333A071;151
1147;city;0333A070;234
1148;city;0333A139;591
1149;city;1311A006;471
1150;city;1311A026;1085
1151;city;1311A023;1096
1152;city;0333A168;31
1153;city;0333A005;1869
1154;city;1311A015;104
1155;city;1332A172;12
1156;node;1332A174;0
1157;city;1332A041;16
1158;city;1332A239;48
1159;city;1332A238;96
1160;city;1332A236;195
1161;city;1332A011;410
1162;node;1332A040;0
1163;city;1332A039;275
1164;city;1332A223;114
1165;city;1332A231;278
1166;city;1313A121;198
1167;city;1313A120;390
1168;city;1331A129;103
1169;city;1212A152;161
1170;city;1212A161;106
1171;city;1212A013;62
1172;node;1212A014;0
1173;city;1212A017;100
1174;city;1212A016;72
1175;city;1212A018;108
1176;city;1212A185;259
1177;node;0333A150;0
1178;city;0333A115;225
1179;city;0333A125;60
1180;city;0333A126;363
1181;city;0333A129;108
1182;city;0333A127;40
1183;city;0333A053;66
1184;city;0333A085;116
1185;city;0333A052;56
1186;city;0333A111;38
1187;city;0333A153;115
1188;city;0333A152;74
1189;node;1311A042;0
1190;city;0333A112;44
1191;city;0333A113;116
1192;city;1314A026;65
1193;city;1314A027;8
1194;node;1314A144;0
1195;city;1314A025;124
1196;city;1314A133;27
1197;city;1314A024;272
1198;city;1314A107;315
1199;city;1314A106;465
1200;city;1314A161;324
1201;city;1314A162;129
1202;city;1314A140;912
1203;city;1314A164;138
1204;city;1314A158;226
1205;city;1314A128;100
1206;city;1314A009;128
1207;city;1314A005;330
1208;node;1312A045;0
1209;city;1312A144;210
1210;city;1312A025;122
1211;city;1314A119;248
1212;city;1312A024;128
1213;city;1314A006;22
1214;city;1314A042;2
1215;city;1314A131;162
1216;city;1314A130;102
1217;city;1314A080;107
1218;node;1314A052;0
1219;city;1314A053;268
1220;city;1314A124;15
1221;city;1332A222;160
1222;city;1332A198;300
1223;city;1332A234;186
1224;city;1332A211;96
1225;city;1332A221;88
1226;city;1332A212;22
1227;city;1332A214;176
1228;city;1332A206;36
1229;city;1332A215;4
1230;city;1332A207;129
1231;city;1332A218;2
1232;city;1332A208;2
1233;city;1332A220;104
1234;city;1332A209;130
1235;city;1332A217;210
1236;city;1334A020;25
1237;city;1334A061;163
1238;city;1334A160;2
1239;city;1334A062;111
1240;city;1332A012;408
1241;city;1332A007;357
1242;city;1332A013;669
1243;city;1334A072;135
1244;node;1334A136;0
1245;city;1334A051;2
1246;city;1334A052;45
1247;node;1332A176;0
1248;city;1332A133;63
1249;city;1222A020;3289
1250;city;1221A045;300
1251;city;1221A046;390
1252;city;1241A014;195
1253;city;1241A013;729
1254;city;1241A235;930
1255;city;1212A015;70
1256;city;1212A155;201
1257;city;1221A009;170
1258;node;1212A008;0
1259;city;1212A012;138
1260;city;1223A118;14
1261;city;1223A212;194
1262;city;1223A213;60
1263;city;1223A170;134
1264;city;1223A169;8
1265;city;1223A279;114
1266;city;1223A033;97
1267;city;1333A002;76
1268;city;1333A079;66
1269;city;1333A157;162
1270;city;1333A080;106
1271;city;1333A145;34
1272;city;1333A008;152
1273;city;1333A049;50
1274;city;1333A137;74
1275;city;0333A120;13
1276;node;0333A045;0
1277;city;0333A046;172
1278;city;0334A018;290
1279;city;0334A017;286
1280;city;0334A174;450
1281;city;0334A008;134
1282;city;0334A041;102
1283;city;0334A019;50
1284;city;0334A020;24
1285;city;0334A021;88
1286;city;0334A172;341
1287;city;0334A040;198
1288;city;0334A022;110
1289;city;0334A023;16
1290;city;0334A007;41
1291;city;0334A163;92
1292;city;0334A162;58
1293;city;0334A164;202
1294;city;0334A028;86
1295;city;0334A027;691
1296;city;0334A029;144
1297;city;0334A030;324
1298;city;0334A004;315
1299;city;0333A028;540
1300;city;0333A141;249
1301;city;0333A135;514
1302;city;0333A140;3
1303;city;0333A023;159
1304;city;0331A064;140
1305;city;0333A084;1188
1306;city;0333A144;2
1307;city;0333A146;48
1308;city;0333A145;68
1309;city;0333A025;532
1310;city;0334A016;92
1311;city;0334A167;126
1312;city;0334A169;78
1313;city;0334A168;516
1314;city;0334A015;195
1315;city;0334A012;56
1316;city;0332A251;114
1317;city;0332A018;192
1318;city;0334A033;52
1319;city;0334A034;120
1320;city;0332A008;34
1321;city;0333A024;360
1322;city;0333A083;300
1323;city;0333A068;1770
1324;city;0333A022;969
1325;city;0333A021;147
1326;city;0333A020;784
1327;city;0333A134;948
1328;city;0333A133;2264
1329;city;0333A030;16932
1330;city;1311A137;639
1331;city;1312A135;263
1332;city;1312A136;394
1333;city;1311A138;621
1334;city;0334A180;252
1335;city;0334A031;153
1336;city;0334A046;172
1337;city;0334A045;492
1338;city;0334A026;2541
1339;city;0334A044;530
1340;city;0334A043;642
1341;city;0334A042;831
1342;city;0334A088;324
1343;city;0333A029;267
1344;city;0333A132;348
1345;city;0333A006;7122
1346;city;0333A051;1832
1347;city;0333A049;507
1348;city;0333A050;3322
1349;city;0333A114;5737
1350;city;0333A131;94
1351;city;0333A110;48
1352;city;1311A038;408
1353;city;1311A136;96
1354;city;0333A109;84
1355;city;0333A054;54
1356;city;0333A055;204
1357;city;0333A128;118
1358;city;0333A130;120
1359;city;0333A011;424
1360;city;0333A034;135
1361;city;0333A161;366
1362;city;0334A074;55
1363;city;1311A108;57
1364;city;1311A065;242
1365;city;1311A064;356
1366;city;1311A141;234
1367;node;1311A142;0
1368;city;1311A144;2333
1369;city;1311A063;5060
1370;city;1312A095;110
1371;city;1312A096;536
1372;city;1312A074;46
1373;city;1312A073;2
1374;city;1312A110;102
1375;city;1312A065;108
1376;city;1312A043;70
1377;city;1312A044;322
1378;city;1314A049;3086
1379;city;1314A102;482
1380;city;1314A171;1236
1381;city;1313A205;90
1382;city;1313A092;174
1383;city;1313A118;114
1384;city;1332A086;140
1385;city;1332A087;58
1386;city;2222A084;246
1387;city;2222A031;348
1388;city;2222A041;76
1389;city;2222A040;64
1390;city;2212A015;593
1391;city;2212A087;214
1392;city;2212A016;1082
1393;city;2212A089;315
1394;city;2212A040;1674
1395;city;2212A017;180
1396;city;2212A088;353
1397;city;2212A032;428
1398;city;2212A030;69
1399;city;2212A083;271
1400;city;2212A078;350
1401;node;0333A056;0
1402;node;0333A044;0
1403;node;0333A123;0
1404;city;0333A043;1
1405;city;0333A041;26
1406;city;0333A042;576
1407;city;0333A099;393
1408;node;0333A122;0
1409;node;0333A106;0
1410;city;0333A117;4428
1411;city;0333A118;328
1412;city;0333A063;164
1413;city;0333A124;49
1414;city;0333A119;81
1415;city;0333A151;116
1416;city;0333A138;189
1417;city;0333A066;190
1418;city;0333A067;132
1419;city;0333A137;231
1420;city;0333A157;903
1421;city;0333A162;131
1422;city;0333A158;4554
1423;city;0333A031;2076
1424;city;0333A136;815
1425;city;0334A175;64
1426;city;0334A176;48
1427;city;0334A025;140
1428;city;0334A170;114
1429;city;0334A011;147
1430;city;0334A047;9
1431;city;0334A006;165
1432;city;0331A065;32
1433;city;0331A066;78
1434;city;0331A062;3
1435;node;0331A071;0
1436;city;0331A063;53
1437;city;0331A070;51
1438;city;0331A069;45
1439;city;0334A035;180
1440;city;0334A036;96
1441;city;0334A037;174
1442;city;0334A166;68
1443;city;0334A179;94
1444;city;0334A038;162
1445;city;0334A178;116
1446;city;0334A039;151
1447;city;0334A171;50
1448;node;0334A024;0
1449;city;0334A173;48
1450;city;1312A129;2
1451;city;1312A022;49
1452;city;1312A130;120
1453;node;1311A054;0
1454;city;1311A127;243
1455;city;1311A128;274
1456;city;1311A052;100
1457;city;1311A053;98
1458;city;1311A012;292
1459;city;1311A058;42
1460;city;1311A057;300
1461;city;1311A055;240
1462;city;1311A056;112
1463;city;1311A106;594
1464;city;1311A105;570
1465;city;1311A062;3
1466;city;1311A133;33
1467;city;1311A134;375
1468;city;1311A130;1362
1469;city;1311A132;616
1470;city;1311A129;315
1471;city;1311A126;420
1472;city;1311A131;592
1473;city;1311A059;124
1474;city;1311A060;102
1475;city;1311A124;90
1476;node;1311A123;0
1477;city;1311A122;255
1478;city;1311A040;201
1479;city;1311A068;61
1480;city;1311A037;284
1481;city;1311A135;70
1482;city;1311A050;455
1483;city;1311A051;222
1484;city;1311A005;45
1485;city;1332A036;3150
1486;city;1332A105;973
1487;city;1332A035;713
1488;city;1334A128;192
1489;city;1334A080;176
1490;city;1334A141;110
1491;city;1334A078;29
1492;city;1334A077;29
1493;city;1334A076;81
1494;city;1334A075;45
1495;city;1334A074;5
1496;city;1334A145;2
1497;city;1334A143;3
1498;city;1343A013;69
1499;city;1343A012;93
1500;city;1343A080;86
1501;city;1341A117;256
1502;city;1341A048;22
1503;city;1343A011;187
1504;city;1224A077;1026
1505;city;1224A255;42
1506;node;1223A258;0
1507;city;1223A134;216
1508;city;1223A164;3
1509;node;1223A259;0
1510;city;1223A166;318
1511;city;1223A168;337
1512;node;1223A167;0
1513;city;1223A177;159
1514;city;1223A181;3
1515;city;1223A034;912
1516;city;1223A009;78
1517;node;1223A089;0
1518;city;1223A126;150
1519;city;1223A256;804
1520;city;1223A039;1533
1521;city;1223A038;720
1522;node;1242A189;0
1523;city;1242A190;136
1524;city;1242A197;2
1525;city;1241A231;32
1526;city;1241A228;340
1527;city;1241A238;89
1528;city;1241A229;358
1529;city;1244A087;560
1530;city;1242A043;270
1531;city;1331A172;228
1532;city;1331A154;196
1533;city;1331A152;110
1534;city;1311A043;207
1535;city;1311A003;213
1536;city;1311A002;140
1537;city;1311A087;14
1538;city;1311A092;116
1539;city;1311A061;448
1540;city;1311A146;608
1541;city;1314A035;460
1542;city;1314A091;988
1543;city;1313A070;291
1544;city;1313A071;174
1545;city;1313A072;32
1546;city;1313A170;429
1547;city;1313A073;1482
1548;city;1313A099;461
1549;city;1311A008;1438
1550;city;1311A125;51
1551;city;1311A010;339
1552;city;1311A041;639
1553;city;1311A049;33
1554;city;1311A004;99
1555;city;1311A011;270
1556;city;1311A045;198
1557;city;1311A044;204
1558;city;1311A046;60
1559;city;1311A115;42
1560;city;1311A116;45
1561;city;1311A117;111
1562;city;1311A093;130
1563;node;1311A094;0
1564;node;1311A102;0
1565;city;1311A139;392
1566;city;1311A101;56
1567;city;1311A088;217
1568;city;1311A091;74
1569;city;1311A090;56
1570;city;1311A086;24
1571;city;1311A089;34
1572;city;1311A085;34
1573;city;1311A082;38
1574;city;1311A083;156
1575;city;1311A084;88
1576;node;1311A036;0
1577;city;1311A114;20
1578;city;1311A113;174
1579;node;1311A103;0
1580;city;1311A104;4
1581;city;1311A048;1376
1582;city;1311A014;1288
1583;city;1311A047;1456
1584;city;1311A112;376
1585;city;1311A025;84
1586;city;1311A009;480
1587;city;1311A024;484
1588;city;1311A017;8
1589;node;1311A021;0
1590;node;1311A109;0
1591;city;1311A019;381
1592;city;1311A020;315
1593;city;1311A118;486
1594;city;1311A016;233
1595;city;1311A119;162
1596;city;1311A018;246
1597;node;1313A039;0
1598;city;1313A061;14
1599;city;1313A191;220
1600;city;1311A107;410
1601;city;1311A120;54
1602;city;1311A081;230
1603;city;1311A099;337
1604;city;0333A107;109
1605;city;0333A014;246
1606;city;0333A116;12
1607;city;0333A040;86
1608;city;0333A039;36
1609;city;1313A100;386
1610;city;1313A012;2130
1611;city;1313A157;472
1612;city;1313A088;341
1613;city;1313A158;356
1614;city;1313A089;192
1615;city;1313A090;450
1616;city;1313A159;18
1617;city;1313A091;150
1618;city;1313A165;361
1619;city;1314A061;1764
1620;city;1314A166;4734
1621;city;1314A033;564
1622;city;1314A149;350
1623;city;1313A102;2092
1624;city;1313A164;628
1625;city;1313A085;1443
1626;city;1314A056;157
1627;city;1314A152;278
1628;city;1314A001;1662
1629;city;1314A002;4896
1630;city;1314A057;300
1631;city;1314A148;66
1632;city;1314A151;26
1633;city;1314A147;14
1634;city;1314A150;14
1635;city;1314A030;333
1636;city;1312A032;696
1637;city;1314A146;92
1638;city;1314A031;180
1639;city;1312A094;62
1640;city;1312A103;2
1641;city;1312A119;137
1642;city;1312A028;134
1643;city;1312A029;66
1644;city;1312A106;8
1645;node;1312A057;0
1646;city;1312A080;2
1647;city;1312A030;13
1648;city;1312A132;31
1649;city;1312A107;29
1650;city;1312A031;2
1651;city;1312A104;192
1652;city;1312A077;140
1653;city;1321A016;114
1654;node;1321A017;0
1655;city;1321A015;77
1656;city;1321A018;394
1657;city;1321A208;44
1658;city;1321A114;124
1659;city;1312A076;258
1660;city;1321A019;326
1661;node;1314A012;0
1662;city;1321A210;238
1663;city;1321A020;14
1664;node;1321A099;0
1665;city;1323A008;171
1666;city;1314A078;36
1667;city;1323A065;326
1668;city;1314A011;1500
1669;city;1314A077;1110
1670;city;1314A142;357
1671;city;1312A087;3
1672;city;1314A076;6
1673;city;1314A141;218
1674;city;1314A134;184
1675;city;1314A132;117
1676;city;1314A021;5320
1677;city;1314A004;1252
1678;city;1314A014;660
1679;city;1314A034;628
1680;city;1314A013;294
1681;city;1314A185;693
1682;city;1311A066;62
1683;city;1312A004;171
1684;city;1312A033;702
1685;city;1312A034;225
1686;city;1312A114;6
1687;city;1312A102;300
1688;city;1312A127;24
1689;city;1312A124;67
1690;city;1312A126;23
1691;city;1312A122;1
1692;city;1312A128;55
1693;city;1312A123;2
1694;node;1312A120;0
1695;city;1312A121;246
1696;city;1312A053;568
1697;city;1312A046;262
1698;city;1312A141;102
1699;city;1312A142;12
1700;city;1312A097;44
1701;city;1312A101;60
1702;city;1312A112;86
1703;city;1312A113;14
1704;city;1314A007;204
1705;node;1314A120;0
1706;city;1314A121;28
1707;city;1314A123;8
1708;city;1314A122;2
1709;city;1314A041;182
1710;node;1314A008;0
1711;city;1314A040;82
1712;city;1312A023;62
1713;city;1312A088;4
1714;node;1312A089;0
1715;node;1312A056;0
1716;city;1312A079;14
1717;node;1312A078;0
1718;city;1312A068;362
1719;city;1312A069;142
1720;city;1312A067;202
1721;city;1312A066;270
1722;city;1312A111;96
1723;city;1312A001;76
1724;city;1312A027;10
1725;node;1312A145;0
1726;city;1312A055;2
1727;city;1311A143;1494
1728;city;1313A016;878
1729;city;1313A086;502
1730;city;1311A110;436
1731;city;1312A117;154
1732;city;1312A003;184
1733;city;1321A014;42
1734;city;1314A032;1638
1735;city;1312A105;36
1736;city;1313A101;577
1737;city;1313A162;1101
1738;city;1313A009;164
1739;city;1313A163;574
1740;city;1313A031;2
1741;city;1314A186;30
1742;city;1323A064;128
1743;city;1323A135;216
1744;city;1323A139;8
1745;city;1313A008;746
1746;city;1313A097;50
1747;city;1314A017;648
1748;node;1313A195;0
1749;city;1313A096;96
1750;city;1313A153;63
1751;city;1313A155;8
1752;city;1314A081;319
1753;city;1314A155;12
1754;city;1314A153;558
1755;city;1314A018;260
1756;city;1314A003;56
1757;city;1314A139;64
1758;city;1314A138;34
1759;city;1314A143;98
1760;city;1314A137;34
1761;city;1314A160;6
1762;city;1314A136;40
1763;city;1323A137;44
1764;city;1314A135;144
1765;city;1314A159;134
1766;city;1312A093;262
1767;city;1314A070;2
1768;node;1314A183;0
1769;city;1314A163;6
1770;city;1313A035;6
1771;city;1313A131;2
1772;city;1313A132;80
1773;city;1313A133;60
1774;city;1313A134;436
1775;city;1331A150;308
1776;city;1331A056;289
1777;city;1331A057;156
1778;city;1331A087;39
1779;city;1313A098;8
1780;city;1331A149;196
1781;node;1313A041;0
1782;node;1313A005;0
1783;city;1332A068;110
1784;city;1331A003;304
1785;city;1331A076;40
1786;city;1331A041;198
1787;city;1331A075;298
1788;city;1332A188;52
1789;city;1332A063;196
1790;city;1331A110;20
1791;city;1332A189;162
1792;city;1332A064;2
1793;city;1331A127;108
1794;city;1332A190;60
1795;city;1332A192;132
1796;city;1332A193;122
1797;city;1332A219;124
1798;city;1332A197;133
1799;city;1332A065;198
1800;city;1332A066;254
1801;city;1332A210;44
1802;city;1332A067;274
1803;city;1332A090;42
1804;city;1332A224;6
1805;city;1332A230;12
1806;city;1332A235;165
1807;city;1332A141;1357
1808;city;1332A142;347
1809;city;1332A033;2
1810;node;1332A034;0
1811;city;1332A145;258
1812;city;1332A147;70
1813;city;1332A119;54
1814;city;1332A120;66
1815;city;1332A164;258
1816;city;1332A121;736
1817;city;1332A226;238
1818;city;1314A110;558
1819;city;1314A104;2359
1820;node;1314A175;0
1821;city;1314A111;773
1822;city;1314A112;56
1823;city;1314A117;238
1824;city;1314A118;251
1825;city;1323A075;8
1826;city;1323A074;576
1827;city;1323A132;518
1828;city;1323A133;12
1829;city;1323A129;2
1830;city;1313A040;102
1831;node;1313A004;0
1832;city;1313A142;52
1833;city;1313A038;32
1834;city;1313A144;216
1835;city;1313A145;136
1836;city;1313A107;564
1837;city;1313A015;1384
1838;city;1313A080;256
1839;city;1313A146;736
1840;city;1313A081;102
1841;city;1313A149;135
1842;city;1313A082;401
1843;city;1313A083;967
1844;city;1313A152;408
1845;city;1313A148;144
1846;node;1313A150;0
1847;city;1313A204;146
1848;city;1331A081;138
1849;node;1331A130;0
1850;city;1331A128;112
1851;city;1331A126;310
1852;city;1332A194;2
1853;city;1332A195;50
1854;city;1332A200;84
1855;node;1332A196;0
1856;city;1332A237;177
1857;city;1332A240;112
1858;city;1332A199;280
1859;city;1314A094;522
1860;city;1313A003;12
1861;city;1313A076;364
1862;city;1313A037;96
1863;city;1313A075;128
1864;city;1313A074;184
1865;city;1313A123;238
1866;city;1313A077;1060
1867;city;1313A078;520
1868;city;1313A125;384
1869;city;1313A006;356
1870;city;1313A137;14
1871;city;1331A058;40
1872;city;1313A124;226
1873;city;1332A227;326
1874;city;1332A228;66
1875;city;1331A147;28
1876;city;1331A125;176
1877;city;1332A038;40
1878;city;1314A116;210
1879;city;1323A130;22
1880;city;1323A144;20
1881;city;1323A127;316
1882;city;1323A131;48
1883;city;1323A138;618
1884;city;1323A066;16
1885;city;1323A012;30
1886;city;1323A011;74
1887;city;1323A013;54
1888;city;1323A170;46
1889;city;1314A176;477
1890;node;1314A068;0
1891;city;1314A069;2
1892;node;1314A184;0
1893;city;1314A045;844
1894;city;1314A168;507
1895;city;1332A232;490
1896;city;1314A174;378
1897;city;1314A173;195
1898;city;1314A172;831
1899;city;1314A177;6
1900;city;1314A178;8
1901;city;1314A046;1136
1902;city;1323A151;82
1903;node;1323A150;0
1904;node;1323A148;0
1905;city;1323A149;24
1906;node;1323A145;0
1907;node;1323A152;0
1908;city;1323A166;92
1909;city;1323A153;2
1910;city;1334A081;688
1911;node;1334A157;0
1912;city;1332A042;14
1913;city;1332A047;38
1914;city;1332A182;169
1915;city;1332A181;184
1916;city;1332A180;24
1917;city;1332A044;40
1918;city;1332A045;22
1919;city;1332A046;132
1920;node;1334A156;0
1921;node;1334A155;0
1922;city;1332A128;6
1923;city;1332A154;92
1924;city;1332A048;28
1925;city;1332A049;35
1926;city;1332A050;28
1927;city;1332A051;1
1928;city;1332A157;40
1929;city;1332A156;19
1930;city;1332A162;31
1931;city;1332A124;20
1932;city;1332A161;168
1933;city;1332A123;28
1934;city;1332A159;12
1935;city;1332A160;48
1936;city;1332A078;166
1937;city;1332A079;112
1938;city;1332A022;1591
1939;city;1332A241;1045
1940;city;1332A023;340
1941;city;1332A021;1655
1942;city;1332A138;1450
1943;city;1332A025;2970
1944;city;1332A027;1655
1945;city;1332A144;268
1946;city;1332A028;6
1947;city;1341A034;9
1948;city;1341A028;420
1949;city;1341A027;3
1950;city;1341A093;87
1951;city;1341A029;154
1952;city;1341A126;280
1953;city;1341A052;528
1954;city;1341A053;6
1955;city;1341A051;560
1956;city;1341A050;11
1957;city;1341A049;20
1958;node;1341A007;0
1959;city;1341A207;90
1960;city;1341A025;1930
1961;city;1341A004;3095
1962;city;1341A047;60
1963;city;1343A014;222
1964;city;1343A087;62
1965;city;1334A037;82
1966;city;1221A047;8
1967;city;1222A146;114
1968;city;1222A076;319
1969;city;0244A131;327
1970;city;1222A033;171
1971;city;1222A003;384
1972;city;1221A229;45
1973;city;1222A164;6
1974;city;1222A163;170
1975;city;1222A036;270
1976;city;1222A042;300
1977;node;1222A115;0
1978;city;1222A018;279
1979;city;1222A019;816
1980;city;1222A120;489
1981;city;1222A061;4096
1982;city;1222A117;510
1983;city;1222A062;335
1984;city;1222A039;21
1985;city;1222A181;249
1986;city;1222A178;9
1987;city;1222A179;27
1988;city;1333A034;15
1989;city;1333A021;63
1990;city;1333A037;390
1991;city;1333A038;309
1992;city;1333A050;505
1993;city;1333A083;534
1994;city;1333A041;14
1995;city;1333A042;150
1996;city;1333A089;229
1997;city;1333A090;960
1998;city;1333A169;243
1999;city;1244A042;393
2000;city;1244A043;120
2001;city;1333A103;564
2002;city;1333A014;805
2003;city;1333A133;5
2004;city;2311A109;130
2005;city;1343A010;57
2006;city;1343A009;72
2007;node;1334A043;0
2008;city;1334A042;21
2009;city;1343A079;3
2010;city;1343A081;258
2011;city;1343A082;150
2012;city;1343A095;446
2013;node;1343A064;0
2014;city;1343A157;16
2015;city;1343A074;242
2016;city;1343A073;44
2017;city;1343A072;40
2018;city;1343A098;102
2019;city;1341A046;504
2020;city;1341A114;204
2021;city;1341A120;175
2022;city;1341A119;942
2023;node;1341A018;0
2024;city;1341A017;309
2025;city;1341A203;327
2026;city;1341A019;1
2027;city;1341A020;98
2028;city;1341A136;44
2029;city;1341A137;234
2030;city;1341A135;87
2031;city;1341A134;408
2032;city;1341A138;233
2033;city;1341A102;9
2034;city;1341A130;180
2035;city;1341A131;51
2036;node;1341A133;0
2037;city;1341A129;150
2038;city;1341A015;249
2039;city;1341A014;180
2040;city;1332A052;218
2041;city;1332A053;378
2042;city;1332A054;62
2043;city;1332A008;2
2044;city;1343A065;4
2045;city;1343A067;8
2046;city;1343A096;74
2047;city;1343A097;134
2048;city;1334A030;56
2049;city;1334A029;329
2050;city;1334A031;74
2051;city;1334A032;230
2052;city;1332A113;60
2053;city;1332A112;66
2054;city;1332A058;96
2055;city;1332A056;234
2056;node;1332A107;0
2057;city;1332A020;713
2058;city;1332A110;124
2059;node;1332A015;0
2060;city;1332A014;12
2061;city;1332A016;72
2062;city;1332A116;106
2063;city;1334A151;24
2064;city;1334A047;76
2065;city;1334A048;42
2066;city;1334A046;50
2067;city;1334A133;6
2068;city;1334A045;99
2069;city;1334A131;54
2070;city;1334A134;26
2071;city;1334A025;17
2072;city;1334A149;28
2073;city;1334A026;46
2074;city;1334A027;96
2075;city;1334A028;256
2076;city;1334A006;163
2077;city;1332A024;2565
2078;city;2221A059;446
2079;city;1243A104;410
2080;city;1221A084;93
2081;city;1221A005;140
2082;city;1221A082;90
2083;city;1221A083;75
2084;city;1221A081;54
2085;city;1221A080;152
2086;city;1221A006;68
2087;city;1221A079;32
2088;city;1221A065;447
2089;city;1221A064;387
2090;city;1221A100;252
2091;city;1221A193;282
2092;city;1221A194;224
2093;city;1221A063;414
2094;city;1221A062;316
2095;city;1221A188;5
2096;city;1334A058;136
2097;city;1334A057;100
2098;city;1334A147;48
2099;city;1334A056;254
2100;city;1334A055;120
2101;node;1334A146;0
2102;city;1334A158;18
2103;city;1334A161;40
2104;node;1333A110;0
2105;city;1333A111;42
2106;city;1333A116;59
2107;city;1334A139;736
2108;city;1341A113;616
2109;city;1341A104;272
2110;city;1341A111;256
2111;city;1343A090;56
2112;city;1343A094;132
2113;city;1332A168;126
2114;city;1332A169;102
2115;city;1332A163;52
2116;city;1332A158;78
2117;city;1332A076;216
2118;city;1332A075;180
2119;city;1332A122;24
2120;city;1332A077;34
2121;city;1332A155;130
2122;city;1332A080;295
2123;node;1332A148;0
2124;city;1332A146;36
2125;city;1332A177;68
2126;city;1332A004;4190
2127;city;1341A103;132
2128;city;1341A054;86
2129;city;1341A055;196
2130;city;1341A127;620
2131;city;1333A117;293
2132;city;1334A073;2
2133;city;1333A123;616
2134;city;1334A132;1
2135;city;1334A135;37
2136;city;1334A049;81
2137;city;1334A050;104
2138;city;1334A023;37
2139;city;1334A010;327
2140;city;1334A150;90
2141;city;1334A112;312
2142;city;1332A029;9
2143;city;1333A115;9
2144;city;1333A114;9
2145;city;1333A121;2
2146;city;1333A120;270
2147;city;1334A159;17
2148;city;1341A031;72
2149;city;1341A032;170
2150;city;2222A075;623
2151;city;2222A079;220
2152;city;2222A076;262
2153;city;1223A253;420
2154;city;1223A252;141
2155;city;1223A251;238
2156;city;1223A042;192
2157;city;1223A238;411
2158;city;1223A241;18
2159;city;1221A157;51
2160;city;1221A227;120
2161;city;1221A123;560
2162;city;1223A040;312
2163;city;1221A226;5
2164;city;1243A056;185
2165;city;2221A060;217
2166;city;2221A049;182
2167;city;2221A048;76
2168;node;2221A047;0
2169;city;2221A046;464
2170;city;2221A119;540
2171;city;2221A014;930
2172;city;2221A088;296
2173;city;2221A089;250
2174;city;2221A021;1008
2175;city;1333A126;24
2176;city;1333A147;68
2177;city;1333A030;132
2178;city;1333A029;24
2179;city;1333A023;117
2180;city;1244A058;222
2181;city;1333A084;198
2182;city;1333A032;112
2183;city;1244A057;94
2184;city;1244A056;273
2185;city;1244A133;68
2186;node;1244A055;0
2187;city;1244A132;64
2188;city;1244A054;70
2189;city;1244A129;28
2190;city;1243A070;150
2191;city;1243A073;57
2192;city;1243A074;288
2193;node;1243A072;0
2194;node;1243A026;0
2195;city;1243A024;41
2196;city;1234A012;234
2197;city;1234A035;258
2198;city;1234A009;350
2199;city;1234A105;446
2200;city;1234A052;90
2201;city;1234A053;633
2202;city;1232A035;9
2203;city;1232A036;69
2204;city;1232A123;399
2205;city;1232A033;5
2206;city;1232A011;168
2207;city;1232A010;158
2208;city;1234A115;273
2209;city;1234A116;453
2210;city;1234A114;1424
2211;city;1234A117;108
2212;city;1234A103;15
2213;city;1234A104;534
2214;node;1234A081;0
2215;city;1234A080;246
2216;city;1232A077;33
2217;city;1341A128;150
2218;city;1341A030;122
2219;city;1341A036;312
2220;city;1341A037;424
2221;city;1341A035;372
2222;city;1341A125;303
2223;city;1332A003;561
2224;city;1332A143;74
2225;city;1332A010;103
2226;city;1332A170;50
2227;city;1332A126;2
2228;city;1332A127;44
2229;city;1341A122;57
2230;city;1341A116;200
2231;city;1341A204;195
2232;city;1341A205;620
2233;city;2212A003;261
2234;city;2212A004;492
2235;city;2212A002;348
2236;city;2212A005;504
2237;city;2212A023;676
2238;city;2212A022;510
2239;city;2214A078;196
2240;city;2221A078;273
2241;city;2212A024;272
2242;city;2212A025;18
2243;city;2212A080;168
2244;city;2222A022;284
2245;city;2222A023;325
2246;city;2222A020;90
2247;city;2222A074;140
2248;city;2221A142;293
2249;city;2221A127;68
2250;city;2221A016;379
2251;city;2222A046;45
2252;city;2222A093;307
2253;city;2222A047;235
2254;city;1244A079;128
2255;city;2221A121;90
2256;city;2221A052;66
2257;city;2221A120;212
2258;city;2221A051;183
2259;city;2221A002;2096
2260;city;2221A009;1472
2261;city;2221A061;540
2262;city;1234A041;707
2263;city;1243A023;525
2264;city;1243A087;132
2265;city;1243A088;120
2266;city;2221A062;408
2267;city;1243A122;106
2268;city;1234A131;522
2269;city;1234A040;686
2270;city;2212A093;1240
2271;city;1234A039;414
2272;city;1234A007;29
2273;node;1223A097;0
2274;city;1223A242;18
2275;city;1223A095;246
2276;city;1223A173;102
2277;city;1223A210;553
2278;city;1223A096;1885
2279;city;1223A209;46
2280;city;1223A172;38
2281;city;1223A180;684
2282;city;1223A214;33
2283;city;1223A116;441
2284;city;1223A117;60
2285;city;1241A195;8
2286;city;1241A194;90
2287;city;1241A172;578
2288;city;1241A197;258
2289;city;1241A074;650
2290;city;1214A007;214
2291;city;1232A008;433
2292;city;1232A065;254
2293;city;1232A050;572
2294;city;1232A049;9
2295;city;1214A013;6
2296;city;1232A048;34
2297;city;1232A149;199
2298;city;1232A150;9
2299;city;1232A156;61
2300;city;1232A152;302
2301;node;1232A045;0
2302;city;1221A077;58
2303;city;1221A212;32
2304;city;1221A214;36
2305;city;1221A075;116
2306;city;1221A244;16
2307;city;1221A076;2
2308;city;1221A066;274
2309;city;1221A078;100
2310;city;1221A192;147
2311;city;1221A184;237
2312;node;1221A185;0
2313;city;1221A178;132
2314;city;1221A183;2
2315;city;1221A182;22
2316;city;1221A179;159
2317;city;1221A180;360
2318;city;1221A175;108
2319;city;1221A176;56
2320;city;1221A228;14
2321;node;1221A181;0
2322;city;1221A191;695
2323;city;1221A061;295
2324;city;1221A235;120
2325;city;1221A197;287
2326;city;1221A196;165
2327;city;1241A018;430
2328;city;1241A079;200
2329;city;1241A017;405
2330;city;1241A006;454
2331;city;1241A022;5652
2332;city;1241A020;1618
2333;city;1241A023;5010
2334;city;1241A129;1592
2335;city;2312A068;2
2336;city;2312A069;292
2337;city;2312A172;106
2338;city;2312A067;94
2339;city;2312A066;96
2340;city;2312A141;88
2341;city;2312A056;148
2342;city;2312A057;90
2343;city;2312A160;44
2344;city;2312A058;138
2345;city;2312A159;55
2346;city;2312A002;53
2347;city;2312A059;99
2348;node;2312A060;0
2349;city;2312A156;170
2350;city;2312A001;144
2351;node;2312A061;0
2352;city;2312A062;342
2353;city;2312A063;3
2354;node;2312A064;0
2355;city;2312A170;54
2356;city;1333A132;166
2357;city;2311A107;40
2358;city;1333A076;98
2359;city;1333A077;1255
2360;city;2311A101;36
2361;city;2311A102;25
2362;city;1333A046;1
2363;city;1333A140;54
2364;city;1333A139;86
2365;city;1333A138;43
2366;city;1334A067;85
2367;city;1334A127;5
2368;city;2312A139;54
2369;city;2312A140;311
2370;city;2312A158;38
2371;city;1334A124;204
2372;city;2312A138;218
2373;city;1334A064;192
2374;city;1334A125;21
2375;city;1334A126;46
2376;city;1334A068;23
2377;city;2312A094;435
2378;city;2312A091;126
2379;city;2312A093;56
2380;city;2312A165;99
2381;city;2312A095;212
2382;city;1341A068;6
2383;node;1341A069;0
2384;node;1341A071;0
2385;node;1323A077;0
2386;node;1341A101;0
2387;node;1341A012;0
2388;node;1341A062;0
2389;city;1232A044;33
2390;node;1232A043;0
2391;city;1232A042;48
2392;city;1213A023;355
2393;city;1213A022;213
2394;city;1213A021;585
2395;city;1232A054;86
2396;city;1232A144;69
2397;city;1232A110;276
2398;node;1331A004;0
2399;city;2221A033;56
2400;city;2221A034;2
2401;city;2221A115;182
2402;city;2221A079;182
2403;city;2221A116;112
2404;city;2223A101;23
2405;city;2221A134;30
2406;city;2221A118;127
2407;city;2221A106;78
2408;city;2221A135;6
2409;city;2221A080;141
2410;city;2221A097;556
2411;city;2221A101;464
2412;city;2221A056;99
2413;city;2221A006;402
2414;city;2221A057;284
2415;city;2222A077;645
2416;city;2222A045;850
2417;city;2222A001;845
2418;city;2222A049;421
2419;city;2222A024;70
2420;node;1221A164;0
2421;city;1221A041;65
2422;city;1223A077;3632
2423;city;1223A078;9176
2424;city;1223A076;32
2425;city;1223A197;560
2426;city;1223A198;1308
2427;city;1223A203;96
2428;city;1333A039;141
2429;city;1333A125;15
2430;city;2311A074;33
2431;city;2311A073;158
2432;city;1244A085;68
2433;city;1244A086;56
2434;city;1244A084;53
2435;city;1244A115;30
2436;city;1244A083;41
2437;city;1244A023;20
2438;city;1244A114;86
2439;city;1244A022;97
2440;city;1222A048;60
2441;city;1222A049;18
2442;city;1222A110;640
2443;city;1333A153;214
2444;city;1333A160;216
2445;city;1333A154;8
2446;city;1333A063;176
2447;city;1333A156;48
2448;city;1333A155;100
2449;city;1333A149;112
2450;city;1333A066;72
2451;city;1333A161;126
2452;city;1333A052;44
2453;city;1333A053;460
2454;city;1333A095;527
2455;city;2311A100;161
2456;city;2311A040;342
2457;city;2311A038;570
2458;city;2311A043;426
2459;city;1243A100;168
2460;city;1243A101;166
2461;city;1243A091;195
2462;city;1243A098;96
2463;city;1243A099;240
2464;city;1243A105;164
2465;city;1243A095;662
2466;city;1243A094;50
2467;city;1243A012;259
2468;city;1243A096;156
2469;city;1243A103;2
2470;city;1243A097;54
2471;city;1243A093;228
2472;city;2221A013;1976
2473;city;2212A094;611
2474;city;2221A037;4248
2475;city;1244A016;12
2476;city;1244A067;40
2477;city;1244A015;53
2478;city;1222A147;12
2479;city;1221A112;623
2480;city;1222A148;90
2481;city;1223A107;30
2482;node;1223A108;0
2483;city;1341A206;1150
2484;city;1332A151;90
2485;city;1334A171;556
2486;city;1334A123;348
2487;city;1332A136;400
2488;node;1332A183;0
2489;city;1334A038;268
2490;city;2222A055;210
2491;city;2222A056;134
2492;city;2222A065;150
2493;city;2222A066;192
2494;city;2222A127;36
2495;city;2222A009;214
2496;city;2222A005;156
2497;city;2222A057;86
2498;city;2222A129;56
2499;city;2222A010;288
2500;city;2222A058;246
2501;city;2222A059;84
2502;city;2222A054;310
2503;city;2222A091;264
2504;city;2222A134;65
2505;city;1234A008;324
2506;city;1234A036;230
2507;city;1234A037;1906
2508;city;1234A129;109
2509;city;1243A039;208
2510;city;1234A130;124
2511;city;1243A084;169
2512;city;1243A085;154
2513;city;1243A031;3855
2514;city;1243A014;1384
2515;city;1243A009;644
2516;city;1243A036;404
2517;city;2214A118;174
2518;city;2212A041;166
2519;city;2212A085;316
2520;city;2212A086;62
2521;city;2212A021;522
2522;city;2212A042;166
2523;city;2212A020;402
2524;city;2212A026;12
2525;city;2221A029;4
2526;city;2221A031;82
2527;city;2221A028;168
2528;city;2221A026;3
2529;city;2221A032;8
2530;city;2221A081;73
2531;city;2212A028;210
2532;city;2221A110;190
2533;city;2221A054;270
2534;city;2222A078;156
2535;city;2222A034;102
2536;city;2222A088;86
2537;city;2222A035;40
2538;city;2221A129;74
2539;city;2222A036;218
2540;city;2221A071;30
2541;city;2222A004;152
2542;city;2222A037;80
2543;city;2222A038;96
2544;city;2222A089;160
2545;city;2222A085;82
2546;city;2221A084;52
2547;city;2221A125;93
2548;city;2222A039;148
2549;city;2222A087;62
2550;city;2222A071;137
2551;city;2222A086;148
2552;city;2222A090;134
2553;city;2222A042;207
2554;city;2222A051;141
2555;city;2222A052;33
2556;city;2222A082;162
2557;city;2222A053;172
2558;city;2222A137;254
2559;city;2222A025;113
2560;city;2222A003;376
2561;city;2212A033;80
2562;city;2212A090;455
2563;city;2212A034;1655
2564;city;2212A077;959
2565;city;2212A036;6494
2566;city;2221A043;198
2567;city;2212A076;2168
2568;city;2221A041;466
2569;city;2221A044;53
2570;city;2212A029;393
2571;city;2221A108;20
2572;city;2221A025;121
2573;city;2221A023;142
2574;city;2221A133;48
2575;city;2221A019;76
2576;city;2221A112;4616
2577;city;2221A040;288
2578;city;2221A039;32
2579;city;2221A114;150
2580;city;2221A086;116
2581;city;2221A131;168
2582;city;2221A085;302
2583;city;2221A087;86
2584;city;2221A001;34731
2585;city;2221A091;275
2586;city;2221A038;760
2587;city;2221A132;8
2588;city;2222A096;64
2589;city;1244A082;314
2590;city;2222A095;76
2591;city;2222A097;92
2592;city;2222A098;624
2593;city;2222A099;150
2594;city;2222A026;132
2595;city;2222A100;24
2596;city;2222A092;524
2597;city;2222A044;1500
2598;city;2222A002;1730
2599;city;1223A206;3
2600;node;1223A071;0
2601;city;1223A072;18
2602;node;1223A208;0
2603;city;1221A160;280
2604;city;1221A161;168
2605;city;1214A114;244
2606;city;1212A021;150
2607;city;0244A081;216
2608;node;0244A077;0
2609;city;0244A079;211
2610;city;0244A074;116
2611;city;0244A078;49
2612;city;0244A087;76
2613;city;0244A066;46
2614;city;0244A065;64
2615;city;0244A012;62
2616;city;0244A013;438
2617;city;0244A011;157
2618;city;0244A014;361
2619;city;0244A004;1255
2620;city;1222A161;367
2621;city;1222A082;445
2622;city;0244A069;14
2623;node;0244A067;0
2624;node;0244A068;0
2625;city;0244A062;108
2626;city;1222A038;183
2627;city;0244A023;12
2628;city;1222A177;632
2629;city;1222A051;315
2630;city;1222A043;6
2631;city;1222A014;1276
2632;city;1221A044;629
2633;city;1222A127;318
2634;city;1222A129;387
2635;city;1221A093;30
2636;city;1221A115;1904
2637;node;1221A094;0
2638;city;1221A117;140
2639;city;1221A118;330
2640;city;1222A166;204
2641;node;1333A016;0
2642;city;1333A028;258
2643;city;1333A027;432
2644;city;1333A040;219
2645;node;1341A056;0
2646;node;1341A057;0
2647;city;0244A061;128
2648;city;0244A063;68
2649;city;0244A070;234
2650;city;0244A064;5
2651;city;1222A105;244
2652;city;1222A108;326
2653;city;1222A106;12
2654;city;2311A037;225
2655;city;2221A015;391
2656;city;2221A004;108
2657;city;1244A080;204
2658;city;2222A073;73
2659;city;1244A081;65
2660;city;1243A007;319
2661;city;1244A012;27
2662;city;1244A011;54
2663;city;1243A120;56
2664;city;1244A065;58
2665;city;1244A005;18
2666;city;1244A075;3
2667;city;1244A078;61
2668;city;1244A076;8
2669;city;1244A077;150
2670;city;1244A049;180
2671;city;1244A048;30
2672;city;1244A013;24
2673;city;1244A014;70
2674;city;1244A068;163
2675;city;1244A074;235
2676;city;2221A005;836
2677;city;2221A058;402
2678;city;2221A003;222
2679;city;1243A107;6
2680;city;1243A106;62
2681;city;1243A006;139
2682;city;1243A108;64
2683;city;1243A037;60
2684;city;1243A038;150
2685;city;1243A109;30
2686;city;1243A008;525
2687;city;1243A102;95
2688;city;1243A092;315
2689;city;2221A007;4619
2690;city;1243A086;96
2691;city;2212A091;436
2692;city;2212A092;531
2693;city;1243A016;505
2694;city;1243A018;468
2695;city;2221A139;288
2696;city;2221A109;52
2697;city;2221A140;2064
2698;city;2222A083;72
2699;city;2221A136;1352
2700;city;1221A069;12
2701;city;1221A070;144
2702;city;1221A101;12
2703;city;1221A203;36
2704;node;1221A206;0
2705;city;1221A216;135
2706;city;1221A072;114
2707;city;1212A096;159
2708;node;1212A150;0
2709;city;1212A151;110
2710;city;1212A099;107
2711;city;1212A160;27
2712;node;1212A011;0
2713;node;1212A169;0
2714;node;1221A234;0
2715;node;1221A068;0
2716;city;1221A202;108
2717;node;1221A204;0
2718;city;1221A036;146
2719;city;1221A163;75
2720;node;1221A058;0
2721;city;1221A211;154
2722;city;1221A209;240
2723;city;1221A210;52
2724;city;1221A015;545
2725;city;1221A238;820
2726;city;1221A237;1070
2727;city;1221A016;1825
2728;city;1221A162;285
2729;city;1221A059;498
2730;city;1221A198;333
2731;city;1212A020;14
2732;city;1223A234;68
2733;city;1223A055;360
2734;city;1223A001;221
2735;city;1221A040;935
2736;city;1221A049;660
2737;city;1221A243;174
2738;city;1221A014;678
2739;city;1221A168;387
2740;city;1221A096;100
2741;city;1221A145;56
2742;city;1221A085;100
2743;city;1221A086;98
2744;node;1221A171;0
2745;city;1221A172;22
2746;city;1221A174;66
2747;city;1221A088;66
2748;city;1221A089;93
2749;city;1221A242;78
2750;city;1221A091;294
2751;city;1221A241;18
2752;city;1221A052;129
2753;city;1221A053;96
2754;city;1221A121;453
2755;city;1221A120;290
2756;city;1221A165;90
2757;node;1221A166;0
2758;city;1221A122;240
2759;node;1221A156;0
2760;city;1221A155;411
2761;city;1221A154;101
2762;city;1223A027;492
2763;city;1223A205;9
2764;city;1223A207;522
2765;city;1214A029;28
2766;city;1214A113;154
2767;city;1223A223;839
2768;city;1223A226;116
2769;city;1214A045;30
2770;city;1214A046;8
2771;city;1214A110;7
2772;city;1223A081;16
2773;city;1223A082;224
2774;city;1223A125;4
2775;city;1223A045;225
2776;city;1223A215;141
2777;city;1223A255;9360
2778;city;1223A061;4320
2779;city;1223A060;7208
2780;city;1223A202;1611
2781;city;1223A058;1434
2782;city;1223A059;560
2783;city;1223A052;69
2784;city;1223A200;435
2785;city;1223A199;870
2786;city;1223A073;252
2787;city;1223A074;291
2788;city;1223A075;789
2789;city;1223A056;483
2790;city;1223A057;369
2791;city;1223A236;597
2792;city;1223A235;1119
2793;city;1223A043;579
2794;city;1221A158;135
2795;city;1221A159;216
2796;city;1221A055;54
2797;city;1221A054;12
2798;city;1221A173;96
2799;city;1221A189;54
2800;city;1221A177;28
2801;city;1221A186;98
2802;city;1221A187;132
2803;city;1221A087;12
2804;city;1221A125;64
2805;city;1221A170;60
2806;city;1221A048;393
2807;city;1221A126;152
2808;city;1221A127;262
2809;city;1221A152;286
2810;node;1221A067;0
2811;city;1223A044;675
2812;city;1223A233;255
2813;city;1223A232;504
2814;city;1223A231;328
2815;city;1214A112;86
2816;node;1223A230;0
2817;city;1214A111;5
2818;city;1223A121;288
2819;city;1223A035;822
2820;city;1223A249;237
2821;city;1214A010;57
2822;city;1223A031;1005
2823;city;1214A105;666
2824;city;1214A044;4368
2825;city;1214A005;540
2826;city;1223A025;1911
2827;city;1223A026;1212
2828;city;1223A006;459
2829;city;1223A222;570
2830;city;1223A224;56
2831;city;1223A221;189
2832;city;1223A220;196
2833;city;1223A225;128
2834;city;1223A219;725
2835;city;1223A028;826
2836;city;1223A029;218
2837;city;1223A218;96
2838;city;1223A217;411
2839;city;1223A007;77
2840;city;1223A065;462
2841;city;1223A066;255
2842;city;1223A277;90
2843;city;1223A067;18
2844;city;1223A211;385
2845;city;1223A278;267
2846;city;1223A032;366
2847;city;1223A064;2634
2848;city;1223A019;14184
2849;city;1214A104;91
2850;city;1223A204;3
2851;city;1223A083;252
2852;city;1223A085;498
2853;city;1223A086;215
2854;city;1223A011;130
2855;city;1223A087;752
2856;city;1223A012;568
2857;city;1223A008;10
2858;city;1223A088;16
2859;city;1223A094;60
2860;city;1223A127;203
2861;city;1223A128;91
2862;city;1223A129;657
2863;city;1223A069;384
2864;city;1223A068;163
2865;city;1223A070;1023
2866;city;1221A217;98
2867;city;1221A205;216
2868;city;1223A002;393
2869;city;1223A250;1000
2870;city;1221A195;75
2871;city;1223A084;380
2872;city;1223A003;6672
2873;city;1223A195;262
2874;city;1223A237;806
2875;city;1222A091;1078
2876;node;1222A096;0
2877;city;1222A092;642
2878;city;1222A100;2338
2879;city;1244A004;80
2880;city;1244A066;81
2881;city;1243A035;478
2882;city;1243A005;577
2883;city;1243A034;982
2884;city;1243A032;897
2885;city;1243A053;266
2886;city;1243A052;729
2887;city;1243A110;392
2888;city;1243A051;984
2889;city;1243A015;1076
2890;city;1243A003;1336
2891;city;2221A137;189
2892;city;1221A073;164
2893;city;1221A074;216
2894;city;1221A208;141
2895;city;1212A157;284
2896;node;1221A200;0
2897;city;1221A207;153
2898;city;1221A201;294
2899;node;1223A228;0
2900;city;1223A229;70
2901;city;1223A158;58
2902;city;1223A103;75
2903;city;1223A104;126
2904;node;1232A018;0
2905;node;1232A075;0
2906;node;1234A069;0
2907;node;1232A078;0
2908;node;1234A068;0
2909;node;1234A077;0
2910;node;1234A076;0
2911;node;1234A079;0
2912;node;1232A076;0
2913;city;1223A105;332
2914;city;1223A146;161
2915;city;1223A106;782
2916;city;1223A216;359
2917;city;1223A160;261
2918;city;1223A159;678
2919;city;1223A161;318
2920;city;1223A115;297
2921;city;1223A114;429
2922;city;1223A100;702
2923;city;1223A101;9
2924;city;1223A018;855
2925;city;1223A047;414
2926;city;1223A046;975
2927;city;1223A099;3336
2928;city;1223A005;4160
2929;city;1223A112;608
2930;city;1223A178;810
2931;city;1223A179;339
2932;city;1223A004;2800
2933;node;1234A089;0
2934;node;1234A017;0
2935;node;1234A020;0
2936;node;1234A016;0
2937;node;1234A085;0
2938;node;1234A038;0
2939;node;1234A023;0
2940;node;1234A022;0
2941;city;1223A201;1002
2942;node;1212A010;0
2943;node;1221A190;0
2944;city;1221A057;155
2945;city;1221A056;9
2946;city;1213A002;459
2947;city;1213A024;87
2948;node;1213A025;0
2949;node;1213A026;0
2950;city;1213A012;40
2951;node;1213A005;0
2952;node;1213A063;0
2953;node;1213A028;0
2954;city;1213A013;108
2955;city;1232A081;14
2956;city;1232A082;126
2957;node;1232A116;0
2958;city;1232A117;318
2959;city;1232A085;14
2960;city;1232A121;386
2961;city;1232A009;135
2962;city;1232A024;1137
2963;city;1232A030;75
2964;city;1241A153;32
2965;city;1241A152;448
2966;city;1241A164;390
2967;city;1241A155;150
2968;city;1241A247;175
2969;city;1241A114;112
2970;city;1241A113;10
2971;city;1214A061;3774
2972;city;1214A034;2630
2973;city;1214A033;701
2974;city;1232A056;2
2975;city;1232A006;22
2976;city;1232A055;1
2977;city;1232A139;7
2978;city;1232A141;12
2979;city;1232A142;16
2980;city;1232A143;4
2981;city;1232A140;50
2982;city;1232A058;240
2983;city;1232A057;138
2984;city;1232A145;80
2985;city;1232A087;112
2986;node;1232A083;0
2987;city;1213A105;87
2988;city;1214A006;699
2989;city;1214A043;102
2990;city;1214A042;207
2991;city;1214A060;210
2992;city;1214A117;39
2993;node;1214A119;0
2994;city;1213A014;204
2995;city;1213A015;167
2996;city;1213A073;88
2997;city;1213A107;150
2998;city;1213A016;24
2999;city;1213A071;86
3000;node;1213A070;0
3001;city;1213A018;258
3002;city;1213A017;153
3003;city;1213A097;138
3004;city;1213A096;162
3005;city;1213A095;615
3006;city;1213A037;75
3007;city;1213A035;310
3008;city;1213A094;358
3009;city;1213A093;90
3010;city;1213A032;228
3011;city;1213A098;333
3012;city;1213A031;264
3013;city;1213A030;57
3014;city;1213A113;9
3015;city;1214A091;100
3016;city;1214A092;10
3017;city;1214A011;264
3018;city;1213A038;458
3019;city;1213A036;243
3020;city;1213A099;88
3021;city;1213A034;45
3022;city;1213A104;54
3023;city;1213A110;127
3024;city;1231A111;22
3025;city;1231A112;4
3026;city;1213A111;23
3027;city;1231A008;221
3028;city;1231A009;85
3029;node;1231A007;0
3030;city;1231A113;110
3031;city;1213A109;86
3032;city;1231A110;90
3033;city;1213A108;34
3034;city;1213A112;48
3035;city;1213A020;4
3036;node;1213A019;0
3037;city;1213A029;1551
3038;city;1213A006;58
3039;city;1213A102;189
3040;city;1213A100;140
3041;city;1213A041;294
3042;city;1213A040;42
3043;city;1213A103;6
3044;city;1213A039;254
3045;city;1214A116;266
3046;city;1214A037;137
3047;city;1214A036;865
3048;city;1214A087;225
3049;city;1214A089;6
3050;city;1214A062;1788
3051;city;1222A133;3
3052;city;1222A055;262
3053;node;1222A056;0
3054;city;1222A114;354
3055;city;1222A005;336
3056;city;1222A031;723
3057;city;1222A087;222
3058;city;1222A081;3
3059;city;0244A094;93
3060;city;1222A162;2375
3061;city;1222A026;4350
3062;city;1222A064;294
3063;city;1222A008;651
3064;city;1333A067;1172
3065;city;1333A001;640
3066;city;1333A122;315
3067;city;1333A019;38
3068;city;1333A065;2
3069;city;2312A092;177
3070;city;2312A155;137
3071;city;2312A157;36
3072;city;2312A154;4
3073;city;2312A053;2
3074;city;1234A047;857
3075;city;1234A121;324
3076;city;1234A123;73
3077;city;1234A124;306
3078;city;1234A125;40
3079;city;1234A126;72
3080;city;1234A127;162
3081;city;1234A044;8
3082;city;1234A128;86
3083;city;1234A043;112
3084;city;1234A042;134
3085;city;1234A006;199
3086;city;1234A046;372
3087;city;1234A005;270
3088;city;1234A011;68
3089;city;1234A133;90
3090;city;1234A106;180
3091;city;1234A122;69
3092;node;1232A039;0
3093;node;1232A040;0
3094;city;1232A038;252
3095;city;1234A070;41
3096;city;1234A071;374
3097;city;1234A010;796
3098;city;1241A167;690
3099;city;1241A168;3
3100;city;1214A001;423
3101;city;1214A032;110
3102;city;1214A086;236
3103;city;1214A022;122
3104;city;1214A023;4
3105;city;1214A024;441
3106;city;1214A025;3
3107;city;1214A070;210
3108;city;1214A108;40
3109;node;1213A090;0
3110;city;1213A091;17
3111;city;1213A004;244
3112;city;1213A089;96
3113;city;1212A128;18
3114;city;1212A149;226
3115;city;1214A107;351
3116;city;1212A129;59
3117;city;1214A106;424
3118;city;1214A069;158
3119;city;1214A031;488
3120;city;1214A030;110
3121;city;1214A109;172
3122;city;1214A067;290
3123;city;1214A026;448
3124;city;1214A002;697
3125;city;1214A021;322
3126;city;1214A064;94
3127;city;1214A074;276
3128;city;1214A072;22
3129;city;1214A073;36
3130;city;1214A050;14
3131;city;1214A049;88
3132;city;1214A080;375
3133;city;1214A081;20
3134;city;1214A079;832
3135;city;1214A047;248
3136;city;1214A048;164
3137;city;1214A014;5058
3138;city;1214A008;240
3139;city;1214A088;112
3140;city;1231A107;108
3141;city;1231A108;96
3142;city;1231A109;48
3143;city;1213A042;24
3144;city;1231A010;149
3145;city;1231A053;70
3146;city;1213A007;9
3147;city;1213A003;3
3148;city;1213A033;2
3149;city;1213A092;76
3150;city;1214A083;12
3151;city;1214A084;72
3152;city;1214A082;863
3153;city;1214A057;562
3154;city;1213A088;136
3155;city;1213A101;38
3156;city;1232A147;5
3157;city;1232A148;14
3158;city;1232A146;172
3159;city;1232A061;42
3160;node;1232A059;0
3161;city;1232A137;22
3162;node;1232A060;0
3163;city;1232A136;78
3164;city;1232A062;303
3165;city;1232A064;2
3166;city;1214A059;342
3167;city;1214A058;66
3168;city;1232A135;70
3169;node;1232A132;0
3170;city;1214A102;260
3171;city;1232A128;6
3172;node;1232A129;0
3173;city;1214A101;21
3174;city;1214A099;50
3175;city;1214A100;8
3176;city;1214A040;433
3177;city;1232A091;36
3178;city;1232A090;3
3179;city;1232A134;162
3180;city;1214A096;77
3181;city;1214A097;165
3182;city;1214A093;72
3183;city;1214A094;76
3184;city;1214A095;83
3185;city;1214A039;10
3186;city;1214A071;176
3187;city;1214A051;260
3188;city;1214A052;254
3189;city;1214A053;464
3190;city;1214A076;112
3191;city;1214A063;528
3192;city;1214A035;264
3193;city;1214A054;49
3194;city;1214A103;199
3195;city;1214A055;159
3196;city;1214A056;290
3197;city;1214A012;164
3198;city;1214A015;264
3199;city;1214A028;48
3200;city;1214A027;14
3201;city;1214A068;48
3202;city;1212A109;109
3203;city;1212A145;43
3204;city;1212A147;63
3205;city;1212A148;40
3206;city;1212A146;24
3207;city;1214A066;28
3208;city;1212A144;212
3209;city;1212A019;158
3210;city;1214A019;3604
3211;city;1214A018;388
3212;city;1214A017;159
3213;city;1214A077;600
3214;city;1214A016;516
3215;city;1214A041;46
3216;city;1214A009;3968
3217;node;1232A131;0
3218;city;1232A130;34
3219;city;1232A133;76
3220;city;1232A051;67
3221;city;1232A007;36
3222;city;1232A047;551
3223;city;1232A046;535
3224;city;1232A153;119
3225;city;1232A154;133
3226;city;1232A155;112
3227;city;1232A052;16
3228;city;1232A053;318
3229;city;1232A138;24
3230;city;1214A098;25
3231;city;1214A078;11
3232;city;1221A119;116
3233;node;1221A092;0
3234;city;1222A158;641
3235;city;1222A012;240
3236;node;1222A017;0
3237;city;0244A010;53
3238;city;0244A009;108
3239;city;1222A159;279
3240;city;0244A095;781
3241;city;0244A128;111
3242;city;0244A098;1250
3243;city;1222A078;639
3244;city;1222A079;522
3245;city;1222A141;87
3246;city;1222A035;3
3247;city;1222A037;222
3248;city;1222A027;105
3249;city;1222A144;576
3250;city;1222A142;1155
3251;city;1222A034;264
3252;city;1222A124;114
3253;city;1222A160;687
3254;city;1222A054;444
3255;node;1222A053;0
3256;city;0244A088;127
3257;node;0244A022;0
3258;city;0244A025;206
3259;city;0333A017;54
3260;city;0333A104;34
3261;city;0333A103;142
3262;city;0333A102;14
3263;city;0333A038;8
3264;city;0244A018;284
3265;city;0333A018;190
3266;city;1311A034;62
3267;node;1311A033;0
3268;city;1311A032;156
3269;city;1311A035;200
3270;city;1311A031;24
3271;city;1311A001;40
3272;city;1311A030;110
3273;city;1311A029;232
3274;city;1311A028;2
3275;city;1222A083;624
3276;city;1222A072;576
3277;city;1222A152;616
3278;city;1222A071;183
3279;city;1222A032;413
3280;city;1222A085;489
3281;city;1222A080;68
3282;city;1222A075;196
3283;city;1222A074;1820
3284;node;0244A071;0
3285;city;0244A073;130
3286;city;0244A075;28
3287;city;0244A076;9
3288;city;1221A002;312
3289;city;1222A145;150
3290;city;1222A107;644
3291;city;1222A103;244
3292;city;1222A044;4456
3293;city;1221A114;3920
3294;city;1221A095;1127
3295;city;1221A003;721
3296;city;0244A101;15
3297;city;0244A016;133
3298;city;0244A017;14
3299;city;0244A091;5
3300;city;0244A092;22
3301;city;0244A090;49
3302;city;0333A062;75
3303;city;0333A061;178
3304;city;0333A060;64
3305;city;0333A095;2
3306;city;0244A019;20
3307;city;0244A005;404
3308;city;0244A008;284
3309;city;0244A089;32
3310;city;0333A100;46
3311;city;0333A101;24
3312;city;1222A084;36
3313;city;0244A086;34
3314;node;0244A072;0
3315;city;1222A112;40
3316;node;1222A121;0
3317;city;1222A063;546
3318;city;1222A013;1224
3319;city;1222A065;507
3320;city;1222A097;348
3321;city;1222A066;245
3322;node;1222A067;0
3323;city;1222A098;714
3324;city;1222A068;1311
3325;city;1222A050;110
3326;city;1222A057;198
3327;city;1222A113;3
3328;city;1222A059;1050
3329;city;1222A021;567
3330;city;1222A088;122
3331;city;1222A022;68
3332;city;1222A089;68
3333;city;1222A090;100
3334;city;1222A023;436
3335;city;1222A173;2171
3336;city;1222A030;421
3337;city;1222A086;1012
3338;city;1222A069;420
3339;city;1222A010;3160
3340;city;1222A073;1680
3341;city;1222A070;528
3342;city;1221A001;236
3343;city;1222A175;2
3344;city;1333A146;86
3345;city;1333A128;6
3346;city;1333A127;18
3347;city;2311A103;78
3348;city;2311A104;22
3349;city;2311A106;40
3350;city;2311A076;229
3351;city;2311A075;75
3352;city;2311A072;99
3353;city;1333A124;173
3354;city;1333A018;679
3355;city;1333A017;3780
3356;city;1333A036;1785
3357;city;1333A059;547
3358;city;1333A060;156
3359;city;1333A167;50
3360;city;1333A088;374
3361;city;1333A007;480
3362;city;1221A098;2562
3363;city;1221A011;1484
3364;city;1221A097;1015
3365;city;1221A013;748
3366;city;1221A124;826
3367;city;0333A096;2
3368;city;1222A180;39
3369;city;2311A097;315
3370;city;2222A105;46
3371;city;2222A109;28
3372;city;1244A038;72
3373;node;1244A147;0
3374;city;1244A039;196
3375;city;1244A033;78
3376;city;1244A034;26
3377;city;1244A035;63
3378;city;1244A151;114
3379;city;1244A088;226
3380;city;1244A089;232
3381;city;1244A040;1376
3382;city;1244A044;812
3383;city;1244A111;882
3384;city;1244A041;294
3385;city;1244A003;1479
3386;city;1244A105;200
3387;city;1244A095;2
3388;city;1244A094;133
3389;city;1244A091;446
3390;city;1333A006;626
3391;city;1333A104;350
3392;city;1333A174;98
3393;city;1244A136;203
3394;city;1333A085;21
3395;city;1333A176;1183
3396;city;1244A045;7
3397;city;1244A113;574
3398;city;1244A046;310
3399;city;1244A106;562
3400;node;1244A096;0
3401;city;1244A097;283
3402;city;1244A104;100
3403;city;1244A090;198
3404;city;1244A112;577
3405;city;1244A098;245
3406;city;1244A093;564
3407;city;1244A032;75
3408;city;1244A030;42
3409;city;1244A029;3
3410;city;1244A099;30
3411;city;1244A100;40
3412;city;1244A103;10
3413;node;1244A110;0
3414;city;1244A149;8
3415;node;1244A102;0
3416;city;1244A101;20
3417;node;1244A148;0
3418;city;1244A108;176
3419;city;1244A109;53
3420;city;1244A050;164
3421;city;1244A024;42
3422;city;1244A025;94
3423;city;1244A026;26
3424;city;1244A107;144
3425;city;1244A027;75
3426;city;1244A028;3
3427;node;1244A134;0
3428;city;1244A135;62
3429;city;1244A130;2
3430;city;1244A131;42
3431;city;1244A008;188
3432;city;1244A052;308
3433;city;1244A053;80
3434;city;1244A006;38
3435;city;1244A051;88
3436;city;1244A116;48
3437;city;1244A117;15
3438;city;1244A118;190
3439;city;1244A119;120
3440;city;1244A021;155
3441;city;1333A086;38
3442;city;1333A033;4
3443;city;1333A173;129
3444;city;1333A175;70
3445;city;1331A192;367
3446;city;1331A159;285
3447;city;1333A102;258
3448;city;1333A180;275
3449;city;1333A105;965
3450;city;1333A184;1032
3451;city;1331A158;565
3452;city;1333A091;91
3453;city;1333A166;52
3454;city;1333A092;103
3455;city;1333A004;417
3456;city;1333A165;74
3457;city;1333A061;6
3458;node;1333A064;0
3459;city;1333A158;36
3460;city;1333A093;2891
3461;city;1333A185;357
3462;city;1333A186;154
3463;city;1333A043;66
3464;city;1333A035;1645
3465;city;1333A068;14
3466;city;1333A151;742
3467;city;1333A069;14
3468;city;1333A152;36
3469;city;1333A013;272
3470;city;1333A045;38
3471;city;1333A148;38
3472;city;1333A150;185
3473;city;1333A168;132
3474;city;1333A172;138
3475;city;1333A003;249
3476;city;1333A078;164
3477;city;1333A170;251
3478;city;1331A157;479
3479;city;1333A171;58
3480;city;1333A142;60
3481;city;1333A144;48
3482;city;1333A141;134
3483;city;1333A081;357
3484;city;1333A022;401
3485;city;1333A051;22
3486;city;1333A136;54
3487;city;1333A082;65
3488;city;1333A012;830
3489;city;1333A099;490
3490;city;1333A096;1270
3491;city;1333A100;273
3492;city;1333A098;184
3493;city;1333A097;10
3494;city;1333A134;118
3495;city;1333A010;92
3496;city;1333A135;51
3497;city;1334A054;179
3498;city;1334A137;113
3499;city;1334A065;480
3500;city;1334A003;172
3501;city;1333A011;22
3502;city;2311A098;90
3503;city;2311A099;96
3504;city;2311A110;276
3505;city;2311A115;1615
3506;city;2311A036;2830
3507;city;2311A088;1007
3508;city;2311A093;235
3509;city;1333A075;124
3510;city;1333A074;78
3511;city;1333A143;216
3512;city;1333A073;38
3513;node;1333A072;0
3514;city;1333A071;14
3515;city;1333A070;86
3516;city;1333A044;20
3517;city;1244A124;28
3518;city;1244A125;42
3519;city;1244A120;175
3520;city;1244A126;10
3521;city;1244A127;48
3522;city;1244A128;78
3523;city;1244A143;225
3524;city;1333A183;75
3525;city;1244A059;27
3526;city;1244A139;156
3527;city;1244A140;135
3528;city;2222A104;349
3529;city;2222A103;98
3530;city;1244A138;58
3531;city;1244A137;86
3532;city;1244A121;206
3533;city;2311A058;313
3534;city;2311A044;134
3535;city;2311A028;414
3536;city;2311A035;402
3537;city;2311A007;342
3538;city;2311A004;210
3539;city;2311A025;30
3540;city;2311A092;195
3541;city;2311A091;6
3542;city;1333A130;482
3543;city;1333A131;140
3544;city;1333A129;60
3545;city;2311A071;338
3546;city;2311A018;209
3547;city;2222A015;8
3548;city;2222A018;35
3549;city;1244A061;9
3550;city;2222A112;154
3551;city;2222A017;116
3552;city;2222A016;66
3553;city;2222A131;68
3554;city;2222A133;48
3555;city;2311A019;57
3556;city;2311A020;257
3557;city;2311A105;132
3558;city;1244A142;86
3559;city;2222A101;33
3560;city;2222A102;198
3561;city;2222A106;142
3562;city;2222A107;142
3563;city;2222A110;186
3564;city;2222A030;8
3565;city;2222A032;79
3566;city;2222A033;132
3567;city;2222A007;277
3568;city;2222A006;1428
3569;city;2222A008;225
3570;city;2311A033;314
3571;city;2311A017;122
3572;city;1244A122;28
3573;city;1244A123;68
3574;city;2222A108;96
3575;city;1333A181;262
3576;city;2311A108;125
3577;city;2311A089;34
3578;city;2311A090;14
3579;city;2311A095;28
3580;city;2311A096;55
3581;city;2311A024;60
3582;city;2311A023;105
3583;city;2311A022;206
3584;city;2311A021;308
3585;city;2311A079;700
3586;city;2311A080;38
3587;city;2311A081;48
3588;city;2311A112;42
3589;city;2311A082;18
3590;city;2311A026;30
3591;city;2311A083;86
3592;city;2311A027;6
3593;city;2311A003;370
3594;city;2311A084;88
3595;city;2311A057;76
3596;city;2311A085;60
3597;city;2311A056;2
3598;city;2311A086;32
3599;city;2311A030;136
3600;city;2312A011;108
3601;city;2312A003;92
3602;city;2312A070;130
3603;city;2312A052;26
3604;city;2311A111;52
3605;city;2312A051;48
3606;city;2312A071;52
3607;city;2312A072;26
3608;city;2312A161;56
3609;city;2312A054;108
3610;city;2312A166;74
3611;city;2312A167;75
3612;city;2312A163;160
3613;city;2312A162;23
3614;city;2312A065;159
3615;city;2312A168;128
3616;city;2311A094;64
3617;city;2311A070;48
3618;city;2222A113;70
3619;city;2311A077;147
3620;city;2222A019;494
3621;city;2222A067;220
3622;city;2311A051;84
3623;city;2311A032;10
3624;node;2311A052;0
3625;city;2311A078;112
3626;city;2311A053;158
3627;city;2311A118;100
3628;city;2222A068;170
3629;city;2222A123;154
3630;city;2222A072;192
3631;city;2224A109;32
3632;city;2224A147;38
3633;city;2224A048;16
3634;city;2222A122;234
3635;city;2222A060;380
3636;city;2222A061;38
3637;city;2222A118;105
3638;city;2222A119;165
3639;city;2222A120;74
3640;city;2222A121;174
3641;city;2222A125;72
3642;city;2311A116;2
3643;city;2311A041;4
3644;city;2222A130;76
3645;city;2222A027;38
3646;city;2222A028;462
3647;city;2222A062;254
3648;city;2222A029;4
3649;city;2222A115;32
3650;city;2222A114;46
3651;city;2222A064;1095
3652;city;2222A063;33
3653;city;2222A116;201
3654;city;2222A117;103
3655;city;1334A008;126
3656;city;1333A009;38
3657;city;1333A162;52
3658;city;1333A087;807
3659;city;1244A141;102
3660;node;1244A150;0
3661;city;2222A111;64
3662;city;1241A176;206
3663;city;1241A177;6
3664;city;1241A178;382
3665;city;1241A175;34
3666;city;1241A171;22
3667;city;1241A173;92
3668;city;1241A186;170
3669;node;1241A174;0
3670;city;1241A181;110
3671;city;1241A122;106
3672;node;1241A123;0
3673;city;1241A207;128
3674;city;2222A132;20
3675;city;1242A067;790
3676;city;1244A047;419
3677;city;1244A060;281
3678;city;2311A117;2
3679;city;1234A078;152
3680;city;1234A028;400
3681;city;1234A029;66
3682;city;1234A030;190
3683;city;1234A031;2
3684;node;1234A004;0
3685;city;1234A054;105
3686;node;1234A055;0
3687;city;1234A118;369
3688;city;1234A056;7
3689;city;1234A109;795
3690;city;1232A088;105
3691;city;1232A089;96
3692;city;1232A120;454
3693;city;1232A119;92
3694;city;1232A115;378
3695;city;1232A041;7
3696;city;1232A103;4
3697;city;1232A104;832
3698;city;1241A165;404
3699;city;1232A105;23
3700;city;1232A106;300
3701;city;1232A108;118
3702;city;1232A109;773
3703;city;1232A111;22
3704;node;1232A112;0
3705;city;1232A113;4
3706;city;1232A107;18
3707;city;1241A210;209
3708;city;1241A130;24
3709;city;1241A109;6
3710;city;1241A108;4
3711;city;1241A107;178
3712;city;1241A110;6
3713;city;1241A111;138
3714;city;1241A116;46
3715;node;1241A134;0
3716;city;1241A112;24
3717;node;1241A125;0
3718;city;1241A124;60
3719;city;1241A149;98
3720;city;1241A150;10
3721;city;1241A147;16
3722;city;1241A146;84
3723;city;1241A145;152
3724;node;1241A106;0
3725;city;1241A121;108
3726;node;1241A120;0
3727;node;1241A102;0
3728;city;1241A103;18
3729;city;1241A104;288
3730;city;1241A105;46
3731;city;1241A118;134
3732;city;1241A142;164
3733;city;1241A143;44
3734;city;1241A140;62
3735;city;1241A139;375
3736;city;1241A059;85
3737;city;1241A136;131
3738;city;1241A060;42
3739;city;1241A061;206
3740;city;1241A058;229
3741;node;1241A135;0
3742;node;1241A137;0
3743;city;1241A115;16
3744;city;1241A073;174
3745;city;1241A187;12
3746;city;1241A206;70
3747;city;1243A067;132
3748;city;1243A066;110
3749;city;1243A049;10
3750;city;1243A048;6
3751;city;1243A050;68
3752;city;1241A057;106
3753;city;1243A069;106
3754;city;1243A068;8
3755;city;1243A089;6
3756;city;1243A078;17
3757;city;1243A047;270
3758;city;1243A046;220
3759;city;1243A081;68
3760;city;1243A045;34
3761;city;1243A057;6
3762;city;1243A076;5
3763;city;1243A077;6
3764;city;1243A044;92
3765;node;1243A079;0
3766;city;1243A043;6
3767;city;1243A002;422
3768;city;1243A041;258
3769;city;1243A040;320
3770;city;1243A029;88
3771;city;1243A030;181
3772;city;1243A080;139
3773;city;1243A082;2
3774;city;1243A042;84
3775;city;1243A083;6
3776;city;1243A028;578
3777;city;1234A034;396
3778;city;1243A027;2
3779;city;1243A075;123
3780;city;1243A071;6
3781;node;1232A026;0
3782;city;1232A027;2
3783;city;1232A124;32
3784;city;1232A125;88
3785;city;1232A157;92
3786;city;1232A126;64
3787;city;1234A107;33
3788;city;1234A051;259
3789;city;1234A061;222
3790;city;1234A060;1428
3791;city;1234A111;84
3792;city;1234A112;493
3793;city;1234A050;224
3794;city;1234A110;188
3795;city;1234A057;179
3796;city;1234A058;152
3797;city;1234A049;364
3798;city;1234A082;477
3799;city;1234A048;1193
3800;city;1243A090;86
3801;city;1241A119;6
3802;city;1241A138;662
3803;city;1241A141;66
3804;city;1241A148;38
3805;city;1241A072;42
3806;city;1241A242;236
3807;city;1241A128;550
3808;city;1241A071;470
3809;city;1241A241;14
3810;city;1241A070;36
3811;city;1241A170;240
3812;city;1241A003;298
3813;city;1241A245;44
3814;city;1241A067;151
3815;city;1232A114;660
3816;city;1241A066;66
3817;city;1241A212;1
3818;city;1241A085;213
3819;city;1241A205;256
3820;city;1241A240;106
3821;city;1241A056;2
3822;city;1241A054;23
3823;city;1241A053;67
3824;city;1241A051;351
3825;city;1241A200;714
3826;city;1241A027;736
3827;city;1241A199;346
3828;city;1241A203;17
3829;city;1241A204;207
3830;node;1241A163;0
3831;city;1241A162;8
3832;city;1241A160;24
3833;city;1241A161;2
3834;city;1241A132;56
3835;city;1241A131;316
3836;city;1241A208;70
3837;city;1243A025;354
3838;city;1232A032;37
3839;city;1241A189;387
3840;node;1241A193;0
3841;city;1241A179;21
3842;city;1241A180;48
3843;city;1241A185;42
3844;city;1241A100;84
3845;node;1241A101;0
3846;node;1241A117;0
3847;city;1232A031;159
3848;city;1232A102;444
3849;city;1241A133;124
3850;city;1241A158;20
3851;city;1241A159;188
3852;city;1241A157;500
3853;city;1241A154;152
3854;city;1241A211;144
3855;city;1241A068;398
3856;city;1241A214;673
3857;city;1241A078;312
3858;city;1241A007;1098
3859;city;1241A050;70
3860;city;1241A201;335
3861;city;1241A202;1
3862;city;1241A024;290
3863;city;1241A025;365
3864;city;1241A026;456
3865;city;1241A008;924
3866;city;1241A010;1080
3867;city;1241A077;1608
3868;city;1241A213;318
3869;city;1241A069;465
3870;city;1234A134;12
3871;city;1234A033;68
3872;city;1232A025;99
3873;city;1241A076;124
3874;city;1241A215;26
3875;node;1241A126;0
3876;city;1241A127;78
3877;city;1241A166;124
3878;city;1241A248;80
3879;city;1241A019;715
3880;city;1241A209;761
3881;city;1232A037;252
3882;city;1232A012;1281
3883;city;1232A127;249
3884;city;1232A029;1360
3885;city;1232A080;2
3886;city;1232A079;4
3887;city;1232A084;366
3888;city;1232A122;52
3889;city;1232A118;100
3890;city;1234A137;468
3891;city;1234A120;480
3892;city;1234A119;9
3893;city;1234A083;55
3894;city;1234A059;1192
3895;city;1241A169;223
3896;city;1241A087;6
3897;city;1241A192;362
3898;node;1212A187;0
3899;node;1231A063;0
3900;city;1231A052;33
3901;node;1231A060;0
3902;node;2212A064;0
3903;node;2212A072;0
3904;node;2212A063;0
3905;node;2212A053;0
3906;node;2212A066;0
3907;node;2212A068;0
3908;node;2212A071;0
3909;node;1234A067;0
3910;node;1234A003;0
3911;node;1234A065;0
3912;node;1234A098;0
3913;node;1234A064;0
3914;node;1234A015;0
3915;node;1234A084;0
3916;node;2212A052;0
3917;city;1234A001;28
3918;node;1231A080;0
3919;node;1231A079;0
3920;city;1213A008;165
3921;node;1231A030;0
3922;city;1231A064;5
3923;node;1231A031;0
3924;node;1231A028;0
3925;node;1231A005;0
3926;city;1231A029;14
3927;node;1231A062;0
3928;node;1231A115;0
3929;city;1232A004;116
3930;node;1231A013;0
3931;city;2214A062;2
3932;city;2214A003;30
3933;node;2212A061;0
3934;node;2212A051;0
3935;city;2212A007;22
3936;city;1323A069;52
3937;node;1323A068;0
3938;node;1323A072;0
3939;node;1323A073;0
3940;city;1323A076;2
3941;node;1341A105;0
3942;node;0333A016;0
3943;node;0244A124;0
3944;node;0244A103;0
3945;node;0332A096;0
3946;node;0332A103;0
3947;node;0244A030;0
3948;node;0333A001;0
3949;node;0334A085;0
3950;node;0332A110;0
3951;node;0331A006;0
3952;node;0332A077;0
3953;node;0332A003;0
3954;node;0332A080;0
3955;node;0244A003;0
3956;node;0244A026;0
3957;node;0244A007;0
3958;city;0244A015;22
3959;node;0242A057;0
3960;node;0331A081;0
3961;city;0331A077;9
3962;node;0334A003;0
3963;node;0334A009;0
3964;city;0334A055;2
3965;node;0334A109;0
3966;node;0334A059;0
3967;city;1243A123;228
3968;node;1312A016;0
3969;node;1312A018;0
3970;node;1312A072;0
3971;node;1312A061;0
3972;node;1312A062;0
3973;node;1323A159;0
3974;node;1323A156;0
3975;node;1312A007;0
3976;node;1312A020;0
3977;node;1312A009;0
3978;node;1312A008;0
3979;city;0334A095;189
3980;node;0334A096;0
3981;node;0334A089;0
3982;node;1312A015;0
3983;node;1312A060;0
3984;node;1312A014;0
3985;node;1312A064;0
3986;node;0334A067;0
3987;node;0334A057;0
3988;node;0334A056;0
3989;node;0334A086;0
3990;node;1321A113;0
3991;city;1321A060;2
3992;node;1323A117;0
3993;city;1323A060;116
3994;node;1323A061;0
3995;node;1323A018;0
3996;node;1323A019;0
3997;node;1323A169;0
3998;node;1323A168;0
3999;node;1323A020;0
4000;node;1323A006;0
4001;node;1323A022;0
4002;node;1323A095;0
4003;node;1323A023;0
4004;city;1223A268;51
4005;node;1223A269;0
4006;city;1223A273;45
4007;city;1223A272;1
4008;node;1323A021;0
4009;node;1323A157;0
4010;node;1323A158;0
4011;node;2221A012;0
4012;node;2223A034;0
4013;node;2221A011;0
4014;node;2221A010;0
4015;city;2221A141;152
4016;city;1223A267;9
4017;node;1223A271;0
4018;node;1223A270;0
4019;city;1214A118;324
4020;node;2223A027;0
4021;node;2223A084;0
4022;node;2223A104;0
4023;node;2223A033;0
4024;node;2223A001;0
4025;node;2223A099;0
4026;node;2214A077;0
4027;node;2221A072;0
4028;node;2223A076;0
4029;node;2223A075;0
4030;node;2224A098;0
4031;city;2224A031;66
4032;node;2224A032;0
4033;city;2224A057;2
4034;node;2224A058;0
4035;city;2222A012;66
4036;node;2224A117;0
4037;city;2214A033;314
4038;node;2214A032;0
4039;node;2222A013;0
4040;node;2224A111;0
4041;city;2224A059;16
4042;node;2224A110;0
4043;node;2224A128;0
4044;node;2224A127;0
4045;node;2224A060;0
4046;node;2224A112;0
4047;node;2224A012;0
4048;node;2224A083;0
4049;city;2224A006;2
4050;city;2311A054;2
4051;node;2311A060;0
4052;node;2311A005;0
4053;node;2311A006;0
4054;node;2311A013;0
4055;city;2311A014;128
4056;node;2311A063;0
4057;node;2311A011;0
4058;node;2311A010;0
4059;city;2311A009;259
4060;node;1242A239;0
4061;node;1242A240;0
4062;city;1242A246;214
4063;node;1334A083;0
4064;node;1213A072;0
4065;node;1211A076;0
4066;node;1242A229;0
4067;node;1224A025;0
4068;node;1224A287;0
4069;node;1224A118;0
4070;city;1224A006;5878
4071;node;1224A010;0
4072;city;1242A015;598
4073;node;1242A242;0
4074;city;1243A111;136
4075;city;1243A118;207
4076;city;1311A080;408
4077;city;1234A113;71
4078;city;1221A167;22
4079;node;2313A038;0
4080;node;2313A040;0
4081;node;2312A031;0
4082;node;2312A088;0
4083;city;2312A049;131
4084;node;2312A014;0
4085;city;1334A009;5
4086;city;1343A076;6
4087;city;0244A060;186
4088;node;1221A151;0
4089;node;1221A025;0
4090;node;1212A107;0
4091;node;1212A105;0
4092;node;1213A048;0
4093;city;1213A067;104
4094;node;0332A255;0
4095;node;0331A047;0
4096;city;0331A051;68
4097;city;0334A087;81
4098;node;1321A001;0
4099;city;1341A110;32
4100;node;1341A115;0
4101;node;1341A074;0
4102;node;1234A024;0
4103;node;1232A014;0
4104;node;1234A027;0
4105;node;1323A031;0
4106;node;1323A089;0
4107;node;2214A085;0
4108;node;2214A081;0
4109;city;2223A009;86
4110;city;2221A077;6
4111;city;2221A082;252
4112;city;2221A083;124
4113;node;2223A006;0
4114;node;2313A036;0
